1,1,픥1,픥2,풤1,1
1,2,픥2,픥1,풤1,0
1,3,픥1,픥1,풤1,0
1,4,픥1,픥1,풤1,0
1,5,픥1,픥1,풤1,1
1,6,픥1,픥1,풤1,0
1,7,픥1,픥2,풤1,0
1,8,픥2,픥3,풤1,0
1,9,픥3,픥3,풤3,1
1,10,픥3,픥5,풤1,0
1,11,픥5,픥4,풤1,1
1,12,픥4,픥5,풤1,0
1,13,픥5,픥4,풤2,0
1,14,픥4,픥4,풤2,0
1,15,픥4,픥5,풤1,0
1,16,픥5,픥4,풤1,0
1,17,픥4,픥4,풤1,1
1,18,픥4,픥2,풤1,0
1,19,픥2,픥1,풤1,1
1,20,픥1,픥4,풤1,0
1,21,픥4,픥5,풤2,1
1,22,픥5,픥4,풤1,0
1,23,픥4,픥4,풤1,0
1,24,픥4,픥4,풤2,0
1,25,픥4,픥2,풤1,0
1,26,픥2,픥1,풤1,1
1,27,픥1,픥2,풤1,0
1,28,픥2,픥1,풤1,1
1,29,픥1,픥2,풤1,0
1,30,픥2,픥3,풤3,0
2,1,픥3,픥1,풤1,1
2,2,픥1,픥1,풤1,1
2,3,픥1,픥2,풤2,0
2,4,픥2,픥2,풤3,1
2,5,픥2,픥2,풤3,0
2,6,픥2,픥5,풤1,0
2,7,픥5,픥4,풤1,0
2,8,픥4,픥1,풤2,1
2,9,픥1,픥1,풤2,1
2,10,픥1,픥2,풤1,0
2,11,픥2,픥2,풤1,1
2,12,픥2,픥4,풤1,0
2,13,픥4,픥3,풤3,0
2,14,픥3,픥4,풤2,0
2,15,픥4,픥1,풤2,1
2,16,픥1,픥2,풤1,0
2,17,픥2,픥3,풤1,0
2,18,픥3,픥4,풤1,0
2,19,픥4,픥3,풤1,0
2,20,픥3,픥4,풤1,0
2,21,픥4,픥4,풤1,0
2,22,픥4,픥4,풤1,0
2,23,픥4,픥3,풤1,1
2,24,픥3,픥3,풤1,0
2,25,픥3,픥3,풤1,0
2,26,픥3,픥4,풤2,1
2,27,픥4,픥5,풤1,0
2,28,픥5,픥2,풤1,1
2,29,픥2,픥2,풤2,0
2,30,픥2,픥4,풤1,1
2,31,픥4,픥5,풤1,0
2,32,픥5,픥5,풤1,0
2,33,픥5,픥4,풤3,1
2,34,픥4,픥4,풤1,0
2,35,픥4,픥3,풤1,0
2,36,픥3,픥2,풤1,0
2,37,픥2,픥1,풤1,1
2,38,픥1,픥1,풤2,1
2,39,픥1,픥2,풤1,0
2,40,픥2,픥3,풤1,0
2,41,픥3,픥4,풤1,0
3,1,픥2,픥1,풤3,1
3,2,픥1,픥1,풤1,0
3,3,픥1,픥2,풤1,1
3,4,픥2,픥2,풤1,1
3,5,픥2,픥3,풤1,1
3,6,픥3,픥2,풤1,0
3,7,픥2,픥3,풤1,0
3,8,픥3,픥2,풤1,0
3,9,픥2,픥2,풤3,0
3,10,픥2,픥2,풤1,0
3,11,픥2,픥3,풤1,0
3,12,픥3,픥2,풤1,0
3,13,픥2,픥3,풤1,0
3,14,픥3,픥3,풤1,0
3,15,픥3,픥5,풤1,0
3,16,픥5,픥5,풤1,0
3,17,픥5,픥1,풤1,0
3,18,픥1,픥2,풤1,0
3,19,픥2,픥3,풤1,0
3,20,픥3,픥4,풤1,0
3,21,픥4,픥5,풤1,0
3,22,픥5,픥1,풤1,0
3,23,픥1,픥1,풤2,1
3,24,픥1,픥2,풤1,0
3,25,픥2,픥5,풤2,0
3,26,픥5,픥4,풤1,0
3,27,픥4,픥4,풤1,0
4,1,픥2,픥3,풤1,1
4,2,픥3,픥3,풤1,1
4,3,픥3,픥4,풤1,0
4,4,픥4,픥5,풤3,1
4,5,픥5,픥1,풤1,0
4,6,픥1,픥2,풤1,0
4,7,픥2,픥3,풤1,0
4,8,픥3,픥1,풤1,0
4,9,픥1,픥1,풤1,0
4,10,픥1,픥5,풤1,0
4,11,픥5,픥5,풤1,1
4,12,픥5,픥4,풤2,0
4,13,픥4,픥5,풤1,0
4,14,픥5,픥4,풤1,0
4,15,픥4,픥3,풤1,0
4,16,픥3,픥3,풤1,0
4,17,픥3,픥5,풤1,0
4,18,픥5,픥2,풤1,0
4,19,픥2,픥5,풤1,0
4,20,픥5,픥4,풤3,0
4,21,픥4,픥3,풤1,0
4,22,픥3,픥2,풤1,0
4,23,픥2,픥2,풤1,1
4,24,픥2,픥2,풤1,1
4,25,픥2,픥1,풤2,0
4,26,픥1,픥2,풤1,0
4,27,픥2,픥2,풤3,0
4,28,픥2,픥2,풤1,0
4,29,픥2,픥1,풤1,1
4,30,픥1,픥1,풤1,0
4,31,픥1,픥1,풤1,0
4,32,픥1,픥1,풤1,1
4,33,픥1,픥1,풤1,0
4,34,픥1,픥1,풤1,1
4,35,픥1,픥1,풤2,1
4,36,픥1,픥1,풤1,0
4,37,픥1,픥1,풤2,0
4,38,픥1,픥1,풤1,0
4,39,픥1,픥2,풤1,1
4,40,픥2,픥2,풤1,0
4,41,픥2,픥3,풤2,0
4,42,픥3,픥2,풤1,0
4,43,픥2,픥1,풤1,0
4,44,픥1,픥4,풤2,0
4,45,픥4,픥5,풤1,0
4,46,픥5,픥5,풤1,0
4,47,픥5,픥5,풤1,0
4,48,픥5,픥1,풤2,0
4,49,픥1,픥1,풤1,1
4,50,픥1,픥2,풤2,1
4,51,픥2,픥1,풤1,0
4,52,픥1,픥2,풤1,0
5,1,픥5,픥4,풤3,1
5,2,픥4,픥5,풤1,0
5,3,픥5,픥5,풤1,0
5,4,픥5,픥5,풤1,0
5,5,픥5,픥5,풤1,0
5,6,픥5,픥4,풤2,0
5,7,픥4,픥3,풤2,0
5,8,픥3,픥3,풤1,0
5,9,픥3,픥2,풤1,0
5,10,픥2,픥3,풤1,0
5,11,픥3,픥3,풤1,0
5,12,픥3,픥2,풤1,0
5,13,픥2,픥2,풤1,1
5,14,픥2,픥2,풤1,0
5,15,픥2,픥3,풤1,1
5,16,픥3,픥2,풤1,0
5,17,픥2,픥1,풤1,0
5,18,픥1,픥1,풤1,0
5,19,픥1,픥2,풤1,0
5,20,픥2,픥1,풤3,0
5,21,픥1,픥1,풤1,0
5,22,픥1,픥2,풤1,0
5,23,픥2,픥3,풤1,0
5,24,픥3,픥2,풤1,1
5,25,픥2,픥2,풤1,0
5,26,픥2,픥3,풤2,0
5,27,픥3,픥2,풤1,1
5,28,픥2,픥1,풤1,0
5,29,픥1,픥2,풤1,1
5,30,픥2,픥3,풤1,0
5,31,픥3,픥5,풤1,0
5,32,픥5,픥5,풤2,1
5,33,픥5,픥5,풤1,0
5,34,픥5,픥5,풤2,1
5,35,픥5,픥3,풤2,1
5,36,픥3,픥3,풤1,0
5,37,픥3,픥2,풤1,0
5,38,픥2,픥4,풤1,0
5,39,픥4,픥2,풤1,0
5,40,픥2,픥2,풤1,1
5,41,픥2,픥5,풤1,0
5,42,픥5,픥4,풤1,0
5,43,픥4,픥3,풤1,0
5,44,픥3,픥2,풤1,0
5,45,픥2,픥3,풤1,0
5,46,픥3,픥3,풤1,0
5,47,픥3,픥1,풤1,1
5,48,픥1,픥1,풤1,0
6,1,픥5,픥4,풤1,0
6,2,픥4,픥5,풤1,0
6,3,픥5,픥5,풤1,0
6,4,픥5,픥4,풤1,0
6,5,픥4,픥3,풤1,0
6,6,픥3,픥1,풤1,0
6,7,픥1,픥2,풤1,0
6,8,픥2,픥1,풤1,0
6,9,픥1,픥2,풤3,1
6,10,픥2,픥1,풤2,0
6,11,픥1,픥1,풤1,0
6,12,픥1,픥2,풤1,0
6,13,픥2,픥2,풤1,0
6,14,픥2,픥1,풤2,0
6,15,픥1,픥2,풤1,1
6,16,픥2,픥1,풤1,0
6,17,픥1,픥2,풤1,0
6,18,픥2,픥2,풤1,0
6,19,픥2,픥2,풤1,0
6,20,픥2,픥2,풤2,1
6,21,픥2,픥3,풤1,0
6,22,픥3,픥4,풤1,0
6,23,픥4,픥4,풤3,1
6,24,픥4,픥5,풤1,0
6,25,픥5,픥4,풤3,1
6,26,픥4,픥5,풤1,1
6,27,픥5,픥5,풤3,0
6,28,픥5,픥5,풤1,1
6,29,픥5,픥4,풤1,0
6,30,픥4,픥5,풤1,0
6,31,픥5,픥4,풤1,0
6,32,픥4,픥3,풤3,1
6,33,픥3,픥2,풤2,1
6,34,픥2,픥3,풤2,1
6,35,픥3,픥1,풤1,0
6,36,픥1,픥2,풤2,0
6,37,픥2,픥2,풤1,1
6,38,픥2,픥3,풤1,0
6,39,픥3,픥2,풤1,1
6,40,픥2,픥2,풤1,0
6,41,픥2,픥2,풤1,0
6,42,픥2,픥2,풤1,0
7,1,픥3,픥2,풤2,0
7,2,픥2,픥4,풤1,0
7,3,픥4,픥5,풤1,0
7,4,픥5,픥4,풤1,0
7,5,픥4,픥4,풤1,0
7,6,픥4,픥2,풤2,0
7,7,픥2,픥5,풤2,1
7,8,픥5,픥5,풤2,0
7,9,픥5,픥4,풤2,0
7,10,픥4,픥5,풤3,0
7,11,픥5,픥5,풤2,1
7,12,픥5,픥5,풤1,0
7,13,픥5,픥2,풤1,1
7,14,픥2,픥3,풤2,0
7,15,픥3,픥5,풤1,0
7,16,픥5,픥4,풤1,0
7,17,픥4,픥5,풤1,1
7,18,픥5,픥2,풤1,1
7,19,픥2,픥1,풤1,0
7,20,픥1,픥1,풤1,0
7,21,픥1,픥3,풤2,0
7,22,픥3,픥5,풤1,0
7,23,픥5,픥4,풤2,0
7,24,픥4,픥5,풤1,0
7,25,픥5,픥2,풤2,0
7,26,픥2,픥1,풤1,0
7,27,픥1,픥1,풤1,0
7,28,픥1,픥1,풤3,0
7,29,픥1,픥2,풤1,0
7,30,픥2,픥4,풤2,1
7,31,픥4,픥2,풤1,1
7,32,픥2,픥2,풤1,0
7,33,픥2,픥3,풤1,0
7,34,픥3,픥1,풤2,0
7,35,픥1,픥1,풤2,1
7,36,픥1,픥4,풤1,0
7,37,픥4,픥5,풤1,1
7,38,픥5,픥5,풤1,0
7,39,픥5,픥4,풤2,1
7,40,픥4,픥4,풤2,1
7,41,픥4,픥5,풤1,1
7,42,픥5,픥1,풤1,0
7,43,픥1,픥2,풤1,0
7,44,픥2,픥1,풤1,1
7,45,픥1,픥2,풤1,0
7,46,픥2,픥2,풤1,0
7,47,픥2,픥5,풤1,0
7,48,픥5,픥3,풤1,0
7,49,픥3,픥3,풤2,0
7,50,픥3,픥2,풤1,0
7,51,픥2,픥1,풤3,0
7,52,픥1,픥1,풤1,0
7,53,픥1,픥2,풤1,1
7,54,픥2,픥2,풤1,1
8,1,픥5,픥2,풤1,0
8,2,픥2,픥3,풤1,0
8,3,픥3,픥2,풤1,1
8,4,픥2,픥3,풤1,0
8,5,픥3,픥3,풤2,0
8,6,픥3,픥3,풤1,0
8,7,픥3,픥3,풤1,1
8,8,픥3,픥2,풤1,0
8,9,픥2,픥3,풤1,0
8,10,픥3,픥1,풤1,0
8,11,픥1,픥1,풤1,0
8,12,픥1,픥1,풤3,0
8,13,픥1,픥1,풤2,1
8,14,픥1,픥2,풤1,0
8,15,픥2,픥3,풤1,1
8,16,픥3,픥4,풤1,1
8,17,픥4,픥5,풤2,0
8,18,픥5,픥5,풤1,0
8,19,픥5,픥4,풤1,0
8,20,픥4,픥5,풤1,0
8,21,픥5,픥2,풤1,0
8,22,픥2,픥3,풤1,1
8,23,픥3,픥3,풤1,0
8,24,픥3,픥3,풤1,0
8,25,픥3,픥3,풤2,0
8,26,픥3,픥5,풤1,1
8,27,픥5,픥1,풤1,1
8,28,픥1,픥4,풤1,0
8,29,픥4,픥5,풤1,0
8,30,픥5,픥4,풤1,0
8,31,픥4,픥5,풤3,0
8,32,픥5,픥5,풤2,0
8,33,픥5,픥5,풤1,0
8,34,픥5,픥2,풤1,0
8,35,픥2,픥3,풤1,0
9,1,픥2,픥4,풤2,0
9,2,픥4,픥4,풤1,0
9,3,픥4,픥5,풤2,0
9,4,픥5,픥4,풤2,0
9,5,픥4,픥5,풤1,1
9,6,픥5,픥5,풤3,1
9,7,픥5,픥2,풤1,0
9,8,픥2,픥1,풤1,0
9,9,픥1,픥2,풤1,1
9,10,픥2,픥3,풤1,0
9,11,픥3,픥2,풤1,1
9,12,픥2,픥3,풤1,0
9,13,픥3,픥2,풤1,0
9,14,픥2,픥5,풤1,0
9,15,픥5,픥5,풤2,0
9,16,픥5,픥5,풤2,1
9,17,픥5,픥5,풤1,0
9,18,픥5,픥5,풤1,0
9,19,픥5,픥4,풤1,0
9,20,픥4,픥5,풤1,0
9,21,픥5,픥4,풤1,0
9,22,픥4,픥3,풤3,1
9,23,픥3,픥2,풤1,0
9,24,픥2,픥2,풤1,0
9,25,픥2,픥5,풤1,1
9,26,픥5,픥5,풤1,0
9,27,픥5,픥2,풤2,0
9,28,픥2,픥2,풤1,0
9,29,픥2,픥1,풤1,0
9,30,픥1,픥1,풤1,0
9,31,픥1,픥2,풤1,0
9,32,픥2,픥3,풤1,0
9,33,픥3,픥2,풤1,0
9,34,픥2,픥1,풤1,0
9,35,픥1,픥1,풤1,0
9,36,픥1,픥2,풤1,0
9,37,픥2,픥1,풤3,1
9,38,픥1,픥1,풤1,0
9,39,픥1,픥2,풤2,0
9,40,픥2,픥2,풤1,0
10,1,픥2,픥3,풤1,0
10,2,픥3,픥2,풤1,0
10,3,픥2,픥3,풤1,0
10,4,픥3,픥2,풤1,0
10,5,픥2,픥1,풤1,0
10,6,픥1,픥1,풤1,0
10,7,픥1,픥2,풤3,1
10,8,픥2,픥1,풤1,0
10,9,픥1,픥2,풤1,0
10,10,픥2,픥1,풤1,0
10,11,픥1,픥4,풤1,0
10,12,픥4,픥3,풤1,0
10,13,픥3,픥4,풤1,1
10,14,픥4,픥1,풤2,1
10,15,픥1,픥1,풤1,0
10,16,픥1,픥1,풤1,0
10,17,픥1,픥2,풤1,0
10,18,픥2,픥2,풤1,0
10,19,픥2,픥1,풤1,1
10,20,픥1,픥4,풤1,0
10,21,픥4,픥5,풤1,0
10,22,픥5,픥2,풤1,0
10,23,픥2,픥1,풤1,0
10,24,픥1,픥2,풤1,0
10,25,픥2,픥1,풤1,1
10,26,픥1,픥1,풤1,1
10,27,픥1,픥1,풤1,0
10,28,픥1,픥2,풤2,0
10,29,픥2,픥2,풤1,0
10,30,픥2,픥4,풤1,1
10,31,픥4,픥3,풤1,0
10,32,픥3,픥5,풤1,0
10,33,픥5,픥2,풤2,1
10,34,픥2,픥1,풤1,0
10,35,픥1,픥2,풤1,1
10,36,픥2,픥2,풤2,0
10,37,픥2,픥2,풤1,0
10,38,픥2,픥1,풤1,0
10,39,픥1,픥2,풤1,0
10,40,픥2,픥2,풤1,0
10,41,픥2,픥1,풤2,0
10,42,픥1,픥1,풤1,0
10,43,픥1,픥4,풤2,0
10,44,픥4,픥5,풤1,1
10,45,픥5,픥4,풤1,0
11,1,픥2,픥2,풤2,1
11,2,픥2,픥2,풤3,0
11,3,픥2,픥1,풤1,1
11,4,픥1,픥1,풤1,0
11,5,픥1,픥1,풤3,1
11,6,픥1,픥2,풤1,1
11,7,픥2,픥2,풤2,0
11,8,픥2,픥5,풤1,0
11,9,픥5,픥4,풤1,1
11,10,픥4,픥5,풤1,0
11,11,픥5,픥5,풤1,0
11,12,픥5,픥5,풤2,0
11,13,픥5,픥1,풤1,0
11,14,픥1,픥2,풤1,0
11,15,픥2,픥2,풤1,0
11,16,픥2,픥2,풤2,0
11,17,픥2,픥1,풤1,0
11,18,픥1,픥2,풤2,1
11,19,픥2,픥2,풤1,0
11,20,픥2,픥2,풤3,0
11,21,픥2,픥3,풤1,1
11,22,픥3,픥2,풤1,0
11,23,픥2,픥3,풤3,0
11,24,픥3,픥1,풤1,0
11,25,픥1,픥2,풤1,1
11,26,픥2,픥4,풤1,1
11,27,픥4,픥5,풤1,0
11,28,픥5,픥2,풤2,0
11,29,픥2,픥3,풤3,0
11,30,픥3,픥4,풤1,0
11,31,픥4,픥3,풤1,0
11,32,픥3,픥2,풤1,1
11,33,픥2,픥3,풤1,1
11,34,픥3,픥4,풤1,0
11,35,픥4,픥4,풤2,0
11,36,픥4,픥3,풤3,1
11,37,픥3,픥3,풤2,0
11,38,픥3,픥2,풤2,1
11,39,픥2,픥2,풤1,1
11,40,픥2,픥3,풤1,0
11,41,픥3,픥3,풤2,1
11,42,픥3,픥4,풤1,0
11,43,픥4,픥4,풤2,0
11,44,픥4,픥2,풤1,1
11,45,픥2,픥3,풤1,0
11,46,픥3,픥2,풤1,0
11,47,픥2,픥2,풤1,0
11,48,픥2,픥3,풤1,0
11,49,픥3,픥4,풤1,0
11,50,픥4,픥3,풤1,0
11,51,픥3,픥4,풤1,0
11,52,픥4,픥3,풤2,0
11,53,픥3,픥2,풤1,1
11,54,픥2,픥2,풤2,1
11,55,픥2,픥3,풤1,0
11,56,픥3,픥4,풤1,0
11,57,픥4,픥4,풤1,1
12,1,픥4,픥1,풤1,1
12,2,픥1,픥3,풤2,0
12,3,픥3,픥2,풤3,0
12,4,픥2,픥3,풤1,0
12,5,픥3,픥3,풤1,0
12,6,픥3,픥3,풤1,0
12,7,픥3,픥5,풤1,0
12,8,픥5,픥2,풤3,0
12,9,픥2,픥1,풤1,0
12,10,픥1,픥1,풤1,0
12,11,픥1,픥2,풤1,0
12,12,픥2,픥3,풤1,0
12,13,픥3,픥4,풤2,0
12,14,픥4,픥3,풤2,0
12,15,픥3,픥3,풤1,0
12,16,픥3,픥3,풤1,0
12,17,픥3,픥4,풤1,0
12,18,픥4,픥5,풤1,1
12,19,픥5,픥4,풤1,0
12,20,픥4,픥4,풤3,1
12,21,픥4,픥5,풤1,1
12,22,픥5,픥5,풤2,0
12,23,픥5,픥5,풤1,0
12,24,픥5,픥2,풤1,0
12,25,픥2,픥4,풤1,0
12,26,픥4,픥4,풤1,0
12,27,픥4,픥4,풤1,1
12,28,픥4,픥3,풤1,0
12,29,픥3,픥2,풤1,1
12,30,픥2,픥2,풤1,0
12,31,픥2,픥2,풤2,0
12,32,픥2,픥3,풤2,0
12,33,픥3,픥2,풤2,0
12,34,픥2,픥1,풤1,0
12,35,픥1,픥2,풤1,0
12,36,픥2,픥1,풤1,0
12,37,픥1,픥4,풤1,1
12,38,픥4,픥5,풤1,0
12,39,픥5,픥5,풤1,0
12,40,픥5,픥5,풤3,1
12,41,픥5,픥5,풤3,1
12,42,픥5,픥1,풤1,0
12,43,픥1,픥2,풤1,0
12,44,픥2,픥4,풤1,0
12,45,픥4,픥3,풤1,0
12,46,픥3,픥2,풤1,0
12,47,픥2,픥3,풤1,0
12,48,픥3,픥3,풤2,1
12,49,픥3,픥4,풤2,1
12,50,픥4,픥4,풤2,0
12,51,픥4,픥2,풤2,0
12,52,픥2,픥2,풤2,0
12,53,픥2,픥5,풤1,1
12,54,픥5,픥4,풤1,0
12,55,픥4,픥4,풤1,0
12,56,픥4,픥3,풤1,0
12,57,픥3,픥4,풤1,0
12,58,픥4,픥2,풤2,1
13,1,픥4,픥5,풤2,1
13,2,픥5,픥5,풤2,0
13,3,픥5,픥5,풤2,1
13,4,픥5,픥4,풤1,0
13,5,픥4,픥5,풤1,0
13,6,픥5,픥5,풤3,1
13,7,픥5,픥5,풤2,0
13,8,픥5,픥4,풤1,0
13,9,픥4,픥5,풤1,0
13,10,픥5,픥4,풤2,1
13,11,픥4,픥5,풤3,1
13,12,픥5,픥1,풤1,0
13,13,픥1,픥3,풤2,1
13,14,픥3,픥4,풤1,0
13,15,픥4,픥3,풤1,0
13,16,픥3,픥2,풤1,0
13,17,픥2,픥4,풤1,1
13,18,픥4,픥4,풤1,0
13,19,픥4,픥5,풤3,1
13,20,픥5,픥5,풤1,0
13,21,픥5,픥5,풤1,1
13,22,픥5,픥2,풤1,0
13,23,픥2,픥4,풤1,0
13,24,픥4,픥1,풤1,0
13,25,픥1,픥2,풤1,0
13,26,픥2,픥2,풤1,1
13,27,픥2,픥5,풤1,0
13,28,픥5,픥2,풤2,1
13,29,픥2,픥2,풤1,1
13,30,픥2,픥2,풤2,0
13,31,픥2,픥1,풤2,0
13,32,픥1,픥2,풤3,0
13,33,픥2,픥3,풤3,1
13,34,픥3,픥1,풤1,0
13,35,픥1,픥1,풤1,0
14,1,픥4,픥3,풤1,0
14,2,픥3,픥3,풤1,0
14,3,픥3,픥5,풤1,0
14,4,픥5,픥4,풤2,0
14,5,픥4,픥4,풤1,0
14,6,픥4,픥3,풤1,0
14,7,픥3,픥2,풤1,0
14,8,픥2,픥1,풤2,1
14,9,픥1,픥2,풤1,1
14,10,픥2,픥2,풤1,0
14,11,픥2,픥2,풤1,0
14,12,픥2,픥3,풤1,1
14,13,픥3,픥4,풤2,0
14,14,픥4,픥4,풤1,0
14,15,픥4,픥5,풤1,0
14,16,픥5,픥4,풤3,1
14,17,픥4,픥5,풤1,1
14,18,픥5,픥1,풤1,0
14,19,픥1,픥1,풤1,0
14,20,픥1,픥3,풤1,0
14,21,픥3,픥4,풤1,0
14,22,픥4,픥5,풤2,0
14,23,픥5,픥4,풤1,1
14,24,픥4,픥3,풤2,1
14,25,픥3,픥3,풤1,1
14,26,픥3,픥4,풤1,1
14,27,픥4,픥5,풤1,0
14,28,픥5,픥4,풤1,0
14,29,픥4,픥3,풤1,0
14,30,픥3,픥3,풤3,0
14,31,픥3,픥2,풤1,0
14,32,픥2,픥3,풤1,0
14,33,픥3,픥2,풤1,0
14,34,픥2,픥2,풤1,0
14,35,픥2,픥3,풤1,0
14,36,픥3,픥3,풤2,1
14,37,픥3,픥4,풤1,1
14,38,픥4,픥2,풤1,0
14,39,픥2,픥2,풤1,0
14,40,픥2,픥4,풤1,0
14,41,픥4,픥1,풤1,0
14,42,픥1,픥2,풤1,0
14,43,픥2,픥2,풤1,0
14,44,픥2,픥1,풤3,0
14,45,픥1,픥4,풤1,0
14,46,픥4,픥4,풤1,0
14,47,픥4,픥4,풤1,0
14,48,픥4,픥1,풤1,0
14,49,픥1,픥1,풤2,0
14,50,픥1,픥1,풤1,0
14,51,픥1,픥1,풤1,1
14,52,픥1,픥3,풤1,0
14,53,픥3,픥2,풤2,0
14,54,픥2,픥3,풤1,0
14,55,픥3,픥5,풤1,0
14,56,픥5,픥4,풤2,0
14,57,픥4,픥5,풤1,0
14,58,픥5,픥3,풤2,0
15,1,픥5,픥2,풤1,1
15,2,픥2,픥3,풤1,0
15,3,픥3,픥5,풤3,0
15,4,픥5,픥1,풤3,1
15,5,픥1,픥5,풤1,1
15,6,픥5,픥5,풤1,0
15,7,픥5,픥4,풤1,0
15,8,픥4,픥5,풤1,0
15,9,픥5,픥4,풤2,0
15,10,픥4,픥5,풤1,0
15,11,픥5,픥3,풤1,0
15,12,픥3,픥4,풤1,1
15,13,픥4,픥4,풤1,0
15,14,픥4,픥4,풤1,0
15,15,픥4,픥5,풤1,0
15,16,픥5,픥4,풤1,1
15,17,픥4,픥3,풤1,0
15,18,픥3,픥2,풤1,0
15,19,픥2,픥1,풤3,0
15,20,픥1,픥2,풤1,1
15,21,픥2,픥5,풤2,0
15,22,픥5,픥5,풤1,0
15,23,픥5,픥4,풤1,0
15,24,픥4,픥5,풤1,0
15,25,픥5,픥5,풤3,1
15,26,픥5,픥5,풤1,0
15,27,픥5,픥5,풤2,0
15,28,픥5,픥4,풤2,0
15,29,픥4,픥4,풤1,0
15,30,픥4,픥2,풤2,0
15,31,픥2,픥2,풤2,0
15,32,픥2,픥1,풤1,0
15,33,픥1,픥2,풤1,0
15,34,픥2,픥5,풤1,0
15,35,픥5,픥5,풤2,0
15,36,픥5,픥4,풤1,0
15,37,픥4,픥1,풤2,1
15,38,픥1,픥4,풤1,1
15,39,픥4,픥2,풤1,0
15,40,픥2,픥3,풤1,0
15,41,픥3,픥1,풤1,0
15,42,픥1,픥1,풤2,0
15,43,픥1,픥4,풤2,0
15,44,픥4,픥3,풤2,1
15,45,픥3,픥3,풤1,0
15,46,픥3,픥4,풤1,0
15,47,픥4,픥3,풤1,0
15,48,픥3,픥3,풤1,0
15,49,픥3,픥2,풤2,1
15,50,픥2,픥5,풤3,1
15,51,픥5,픥5,풤1,0
15,52,픥5,픥1,풤1,0
15,53,픥1,픥1,풤1,0
15,54,픥1,픥3,풤3,1
15,55,픥3,픥2,풤3,1
15,56,픥2,픥1,풤1,0
15,57,픥1,픥5,풤1,1
16,1,픥3,픥2,풤1,0
16,2,픥2,픥2,풤1,1
16,3,픥2,픥5,풤1,0
16,4,픥5,픥4,풤3,1
16,5,픥4,픥3,풤1,0
16,6,픥3,픥2,풤2,1
16,7,픥2,픥3,풤2,0
16,8,픥3,픥1,풤1,0
16,9,픥1,픥2,풤1,1
16,10,픥2,픥1,풤2,0
16,11,픥1,픥2,풤1,0
16,12,픥2,픥1,풤1,0
16,13,픥1,픥1,풤1,1
16,14,픥1,픥2,풤2,0
16,15,픥2,픥1,풤1,1
16,16,픥1,픥1,풤1,1
16,17,픥1,픥1,풤1,0
16,18,픥1,픥2,풤1,0
16,19,픥2,픥3,풤1,0
16,20,픥3,픥1,풤1,0
16,21,픥1,픥2,풤2,0
16,22,픥2,픥2,풤1,0
16,23,픥2,픥3,풤2,0
16,24,픥3,픥4,풤1,0
16,25,픥4,픥5,풤2,1
16,26,픥5,픥5,풤2,0
16,27,픥5,픥4,풤1,0
16,28,픥4,픥5,풤3,1
16,29,픥5,픥3,풤1,0
16,30,픥3,픥3,풤3,1
16,31,픥3,픥4,풤1,1
16,32,픥4,픥4,풤1,0
16,33,픥4,픥3,풤2,1
16,34,픥3,픥2,풤3,1
16,35,픥2,픥2,풤1,0
16,36,픥2,픥4,풤1,0
16,37,픥4,픥3,풤1,1
16,38,픥3,픥4,풤2,0
16,39,픥4,픥4,풤2,1
16,40,픥4,픥4,풤1,0
16,41,픥4,픥5,풤2,1
16,42,픥5,픥4,풤1,0
16,43,픥4,픥4,풤1,0
16,44,픥4,픥2,풤1,0
16,45,픥2,픥3,풤3,1
16,46,픥3,픥2,풤1,1
16,47,픥2,픥1,풤1,1
16,48,픥1,픥2,풤1,0
16,49,픥2,픥2,풤1,1
16,50,픥2,픥2,풤1,0
16,51,픥2,픥3,풤1,0
16,52,픥3,픥4,풤1,0
16,53,픥4,픥3,풤1,0
16,54,픥3,픥3,풤2,1
16,55,픥3,픥3,풤3,0
16,56,픥3,픥2,풤3,1
16,57,픥2,픥2,풤2,0
16,58,픥2,픥1,풤3,1
16,59,픥1,픥2,풤1,0
16,60,픥2,픥2,풤1,0
17,1,픥2,픥2,풤1,1
17,2,픥2,픥1,풤1,0
17,3,픥1,픥5,풤1,0
17,4,픥5,픥4,풤1,0
17,5,픥4,픥4,풤1,0
17,6,픥4,픥5,풤1,0
17,7,픥5,픥1,풤3,1
17,8,픥1,픥2,풤1,0
17,9,픥2,픥3,풤1,1
17,10,픥3,픥3,풤1,0
17,11,픥3,픥2,풤2,0
17,12,픥2,픥3,풤1,0
17,13,픥3,픥3,풤3,0
17,14,픥3,픥4,풤1,0
17,15,픥4,픥4,풤1,1
17,16,픥4,픥3,풤1,0
17,17,픥3,픥4,풤1,1
17,18,픥4,픥3,풤1,0
17,19,픥3,픥3,풤2,0
17,20,픥3,픥4,풤1,1
17,21,픥4,픥4,풤1,0
17,22,픥4,픥4,풤1,0
17,23,픥4,픥4,풤1,0
17,24,픥4,픥3,풤1,0
17,25,픥3,픥4,풤1,1
17,26,픥4,픥4,풤1,0
17,27,픥4,픥5,풤1,0
17,28,픥5,픥4,풤3,1
17,29,픥4,픥3,풤1,0
17,30,픥3,픥5,풤3,1
17,31,픥5,픥5,풤2,1
17,32,픥5,픥4,풤2,0
17,33,픥4,픥2,풤1,0
17,34,픥2,픥2,풤1,0
17,35,픥2,픥4,풤1,0
17,36,픥4,픥1,풤1,0
17,37,픥1,픥5,풤1,0
17,38,픥5,픥5,풤1,0
17,39,픥5,픥4,풤1,0
17,40,픥4,픥4,풤1,0
17,41,픥4,픥1,풤2,0
17,42,픥1,픥4,풤1,0
17,43,픥4,픥5,풤1,0
17,44,픥5,픥4,풤3,1
17,45,픥4,픥3,풤1,0
18,1,픥5,픥5,풤1,1
18,2,픥5,픥5,풤1,0
18,3,픥5,픥4,풤2,0
18,4,픥4,픥4,풤2,0
18,5,픥4,픥2,풤1,0
18,6,픥2,픥1,풤2,1
18,7,픥1,픥1,풤2,0
18,8,픥1,픥1,풤1,1
18,9,픥1,픥1,풤2,0
18,10,픥1,픥2,풤1,0
18,11,픥2,픥1,풤1,0
18,12,픥1,픥2,풤1,0
18,13,픥2,픥2,풤2,1
18,14,픥2,픥3,풤1,1
18,15,픥3,픥2,풤1,0
18,16,픥2,픥1,풤1,0
18,17,픥1,픥2,풤1,0
18,18,픥2,픥3,풤1,0
18,19,픥3,픥3,풤2,0
18,20,픥3,픥4,풤1,0
18,21,픥4,픥4,풤2,1
18,22,픥4,픥4,풤1,0
18,23,픥4,픥3,풤1,0
18,24,픥3,픥2,풤3,0
18,25,픥2,픥2,풤1,0
18,26,픥2,픥5,풤3,1
18,27,픥5,픥5,풤1,1
18,28,픥5,픥4,풤1,0
18,29,픥4,픥3,풤1,0
18,30,픥3,픥4,풤2,1
18,31,픥4,픥4,풤1,0
18,32,픥4,픥4,풤2,1
18,33,픥4,픥5,풤1,1
18,34,픥5,픥5,풤1,0
18,35,픥5,픥5,풤1,1
18,36,픥5,픥3,풤2,0
18,37,픥3,픥4,풤1,0
18,38,픥4,픥3,풤1,0
18,39,픥3,픥3,풤1,1
18,40,픥3,픥4,풤2,0
18,41,픥4,픥4,풤2,0
18,42,픥4,픥3,풤1,1
19,1,픥5,픥4,풤1,0
19,2,픥4,픥5,풤3,1
19,3,픥5,픥5,풤1,0
19,4,픥5,픥5,풤2,1
19,5,픥5,픥1,풤2,1
19,6,픥1,픥1,풤1,0
19,7,픥1,픥1,풤1,0
19,8,픥1,픥5,풤1,0
19,9,픥5,픥2,풤2,1
19,10,픥2,픥3,풤1,0
19,11,픥3,픥1,풤3,0
19,12,픥1,픥1,풤2,1
19,13,픥1,픥4,풤1,1
19,14,픥4,픥4,풤3,1
19,15,픥4,픥4,풤1,0
19,16,픥4,픥4,풤1,1
19,17,픥4,픥3,풤1,0
19,18,픥3,픥3,풤1,0
19,19,픥3,픥4,풤1,0
19,20,픥4,픥3,풤2,0
19,21,픥3,픥4,풤1,0
19,22,픥4,픥4,풤3,1
19,23,픥4,픥5,풤2,1
19,24,픥5,픥5,풤1,0
19,25,픥5,픥4,풤2,0
19,26,픥4,픥1,풤1,1
19,27,픥1,픥2,풤1,0
19,28,픥2,픥2,풤3,0
19,29,픥2,픥1,풤1,1
19,30,픥1,픥2,풤1,1
19,31,픥2,픥1,풤1,1
19,32,픥1,픥1,풤1,0
19,33,픥1,픥1,풤1,0
19,34,픥1,픥1,풤1,0
19,35,픥1,픥1,풤1,0
19,36,픥1,픥2,풤1,0
19,37,픥2,픥3,풤1,0
19,38,픥3,픥5,풤1,0
19,39,픥5,픥4,풤1,0
19,40,픥4,픥5,풤3,1
19,41,픥5,픥5,풤1,0
19,42,픥5,픥5,풤1,0
19,43,픥5,픥1,풤1,1
19,44,픥1,픥1,풤3,0
19,45,픥1,픥4,풤1,0
19,46,픥4,픥3,풤1,0
19,47,픥3,픥3,풤1,0
19,48,픥3,픥2,풤3,0
19,49,픥2,픥2,풤1,1
19,50,픥2,픥1,풤1,0
19,51,픥1,픥1,풤1,0
19,52,픥1,픥2,풤1,0
19,53,픥2,픥2,풤1,0
19,54,픥2,픥1,풤1,0
19,55,픥1,픥1,풤1,0
19,56,픥1,픥5,풤1,0
19,57,픥5,픥4,풤3,0
19,58,픥4,픥3,풤3,1
19,59,픥3,픥1,풤3,1
19,60,픥1,픥2,풤1,0
20,1,픥4,픥3,풤1,0
20,2,픥3,픥3,풤2,0
20,3,픥3,픥4,풤1,0
20,4,픥4,픥4,풤1,0
20,5,픥4,픥5,풤1,0
20,6,픥5,픥5,풤1,0
20,7,픥5,픥5,풤1,0
20,8,픥5,픥5,풤2,1
20,9,픥5,픥5,풤1,0
20,10,픥5,픥4,풤1,0
20,11,픥4,픥3,풤1,0
20,12,픥3,픥2,풤1,0
20,13,픥2,픥2,풤1,0
20,14,픥2,픥1,풤1,0
20,15,픥1,픥1,풤3,0
20,16,픥1,픥1,풤1,0
20,17,픥1,픥1,풤1,0
20,18,픥1,픥2,풤1,0
20,19,픥2,픥1,풤1,0
20,20,픥1,픥1,풤1,0
20,21,픥1,픥5,풤1,0
20,22,픥5,픥1,풤2,0
20,23,픥1,픥2,풤1,0
20,24,픥2,픥3,풤1,0
20,25,픥3,픥2,풤1,0
20,26,픥2,픥1,풤1,0
20,27,픥1,픥1,풤1,1
20,28,픥1,픥1,풤1,0
20,29,픥1,픥3,풤1,1
20,30,픥3,픥4,풤1,0
20,31,픥4,픥5,풤1,0
20,32,픥5,픥1,풤1,0
20,33,픥1,픥2,풤1,1
20,34,픥2,픥3,풤1,0
20,35,픥3,픥2,풤1,0
20,36,픥2,픥3,풤1,0
20,37,픥3,픥4,풤1,0
20,38,픥4,픥3,풤2,1
20,39,픥3,픥4,풤3,1
20,40,픥4,픥3,풤1,0
20,41,픥3,픥3,풤1,1
20,42,픥3,픥2,풤1,0
20,43,픥2,픥2,풤1,0
20,44,픥2,픥3,풤1,0
21,1,픥4,픥3,풤2,0
21,2,픥3,픥4,풤2,1
21,3,픥4,픥5,풤1,0
21,4,픥5,픥1,풤2,0
21,5,픥1,픥1,풤2,1
21,6,픥1,픥2,풤1,0
21,7,픥2,픥2,풤2,0
21,8,픥2,픥1,풤2,0
21,9,픥1,픥2,풤1,0
21,10,픥2,픥1,풤1,1
21,11,픥1,픥1,풤1,0
21,12,픥1,픥1,풤1,0
21,13,픥1,픥1,풤1,0
21,14,픥1,픥2,풤1,0
21,15,픥2,픥1,풤1,0
21,16,픥1,픥1,풤2,0
21,17,픥1,픥1,풤1,0
21,18,픥1,픥2,풤1,0
21,19,픥2,픥3,풤1,1
21,20,픥3,픥2,풤2,1
21,21,픥2,픥3,풤3,0
21,22,픥3,픥2,풤3,0
21,23,픥2,픥1,풤3,0
21,24,픥1,픥2,풤1,1
21,25,픥2,픥1,풤1,0
21,26,픥1,픥2,풤1,0
21,27,픥2,픥4,풤1,1
21,28,픥4,픥4,풤1,1
21,29,픥4,픥4,풤1,0
21,30,픥4,픥5,풤2,1
21,31,픥5,픥4,풤1,0
21,32,픥4,픥5,풤2,0
21,33,픥5,픥5,풤2,0
21,34,픥5,픥3,풤2,0
21,35,픥3,픥3,풤1,0
21,36,픥3,픥2,풤1,1
21,37,픥2,픥1,풤1,0
21,38,픥1,픥5,풤1,1
21,39,픥5,픥3,풤2,1
21,40,픥3,픥1,풤2,1
21,41,픥1,픥2,풤1,1
21,42,픥2,픥1,풤3,0
21,43,픥1,픥2,풤2,0
21,44,픥2,픥2,풤1,0
21,45,픥2,픥1,풤1,0
21,46,픥1,픥2,풤1,0
21,47,픥2,픥2,풤1,0
21,48,픥2,픥3,풤1,0
21,49,픥3,픥3,풤1,0
21,50,픥3,픥2,풤2,0
21,51,픥2,픥1,풤1,0
21,52,픥1,픥2,풤1,0
21,53,픥2,픥2,풤1,0
21,54,픥2,픥2,풤1,0
21,55,픥2,픥4,풤1,1
21,56,픥4,픥5,풤1,0
21,57,픥5,픥2,풤1,0
22,1,픥1,픥2,풤1,0
22,2,픥2,픥1,풤1,0
22,3,픥1,픥4,풤1,1
22,4,픥4,픥3,풤1,0
22,5,픥3,픥3,풤1,0
22,6,픥3,픥3,풤1,0
22,7,픥3,픥3,풤1,1
22,8,픥3,픥1,풤1,1
22,9,픥1,픥1,풤1,0
22,10,픥1,픥4,풤2,0
22,11,픥4,픥4,풤1,0
22,12,픥4,픥3,풤3,1
22,13,픥3,픥3,풤1,0
22,14,픥3,픥4,풤3,0
22,15,픥4,픥3,풤1,0
22,16,픥3,픥3,풤1,0
22,17,픥3,픥4,풤1,0
22,18,픥4,픥5,풤1,1
22,19,픥5,픥4,풤1,1
22,20,픥4,픥1,풤1,0
22,21,픥1,픥2,풤2,0
22,22,픥2,픥1,풤1,0
22,23,픥1,픥4,풤1,1
22,24,픥4,픥3,풤1,0
22,25,픥3,픥4,풤1,0
22,26,픥4,픥3,풤2,0
22,27,픥3,픥3,풤1,1
22,28,픥3,픥4,풤1,0
22,29,픥4,픥5,풤2,0
22,30,픥5,픥4,풤1,1
22,31,픥4,픥4,풤1,0
22,32,픥4,픥3,풤1,0
22,33,픥3,픥2,풤1,0
22,34,픥2,픥4,풤3,1
22,35,픥4,픥3,풤2,0
22,36,픥3,픥3,풤2,0
22,37,픥3,픥5,풤1,0
23,1,픥1,픥1,풤1,0
23,2,픥1,픥4,풤1,0
23,3,픥4,픥5,풤1,0
23,4,픥5,픥2,풤1,0
23,5,픥2,픥1,풤1,1
23,6,픥1,픥2,풤2,0
23,7,픥2,픥2,풤1,0
23,8,픥2,픥3,풤2,0
23,9,픥3,픥3,풤1,1
23,10,픥3,픥4,풤2,0
23,11,픥4,픥4,풤1,0
23,12,픥4,픥5,풤1,0
23,13,픥5,픥5,풤1,0
23,14,픥5,픥5,풤1,1
23,15,픥5,픥2,풤1,1
23,16,픥2,픥1,풤1,0
23,17,픥1,픥2,풤1,0
23,18,픥2,픥3,풤1,1
23,19,픥3,픥5,풤1,0
23,20,픥5,픥2,풤2,0
23,21,픥2,픥3,풤1,0
23,22,픥3,픥4,풤2,0
23,23,픥4,픥3,풤3,0
23,24,픥3,픥4,풤1,0
23,25,픥4,픥4,풤1,1
23,26,픥4,픥1,풤3,1
23,27,픥1,픥2,풤1,0
23,28,픥2,픥1,풤1,0
24,1,픥1,픥1,풤1,0
24,2,픥1,픥1,풤1,0
24,3,픥1,픥1,풤1,0
24,4,픥1,픥3,풤1,1
24,5,픥3,픥3,풤1,0
24,6,픥3,픥3,풤1,0
24,7,픥3,픥2,풤1,0
24,8,픥2,픥1,풤1,1
24,9,픥1,픥1,풤1,0
24,10,픥1,픥2,풤1,1
24,11,픥2,픥1,풤1,1
24,12,픥1,픥2,풤1,0
24,13,픥2,픥1,풤1,0
24,14,픥1,픥2,풤1,1
24,15,픥2,픥2,풤1,0
24,16,픥2,픥3,풤1,0
24,17,픥3,픥4,풤2,1
24,18,픥4,픥3,풤1,0
24,19,픥3,픥4,풤1,0
24,20,픥4,픥5,풤1,0
24,21,픥5,픥4,풤1,0
24,22,픥4,픥5,풤2,1
24,23,픥5,픥5,풤1,0
24,24,픥5,픥4,풤3,1
24,25,픥4,픥3,풤2,0
24,26,픥3,픥3,풤1,0
24,27,픥3,픥3,풤1,0
24,28,픥3,픥3,풤1,0
24,29,픥3,픥3,풤1,1
24,30,픥3,픥2,풤2,0
24,31,픥2,픥4,풤2,0
24,32,픥4,픥1,풤3,0
24,33,픥1,픥5,풤1,0
24,34,픥5,픥3,풤1,1
24,35,픥3,픥5,풤1,0
24,36,픥5,픥4,풤1,0
24,37,픥4,픥5,풤2,1
24,38,픥5,픥5,풤1,0
24,39,픥5,픥5,풤1,1
24,40,픥5,픥3,풤1,0
24,41,픥3,픥4,풤2,1
24,42,픥4,픥3,풤1,0
24,43,픥3,픥2,풤1,0
24,44,픥2,픥2,풤2,0
24,45,픥2,픥1,풤2,1
24,46,픥1,픥1,풤1,0
24,47,픥1,픥2,풤1,0
24,48,픥2,픥1,풤1,0
24,49,픥1,픥2,풤1,0
24,50,픥2,픥1,풤1,0
24,51,픥1,픥5,풤1,0
24,52,픥5,픥4,풤1,0
24,53,픥4,픥2,풤1,0
24,54,픥2,픥1,풤1,1
24,55,픥1,픥5,풤1,0
24,56,픥5,픥4,풤1,0
24,57,픥4,픥3,풤1,0
24,58,픥3,픥4,풤1,0
25,1,픥1,픥1,풤1,1
25,2,픥1,픥1,풤3,0
25,3,픥1,픥1,풤1,0
25,4,픥1,픥2,풤2,0
25,5,픥2,픥3,풤1,0
25,6,픥3,픥4,풤1,0
25,7,픥4,픥1,풤2,1
25,8,픥1,픥1,풤1,0
25,9,픥1,픥1,풤1,0
25,10,픥1,픥3,풤2,1
25,11,픥3,픥3,풤1,0
25,12,픥3,픥4,풤1,0
25,13,픥4,픥4,풤1,0
25,14,픥4,픥4,풤1,0
25,15,픥4,픥4,풤1,0
25,16,픥4,픥3,풤1,0
25,17,픥3,픥3,풤1,0
25,18,픥3,픥4,풤2,0
25,19,픥4,픥3,풤1,0
25,20,픥3,픥2,풤1,0
25,21,픥2,픥2,풤2,0
25,22,픥2,픥1,풤1,0
25,23,픥1,픥5,풤1,1
25,24,픥5,픥2,풤1,0
25,25,픥2,픥3,풤1,0
25,26,픥3,픥4,풤3,1
25,27,픥4,픥5,풤2,0
25,28,픥5,픥4,풤1,0
25,29,픥4,픥4,풤1,0
25,30,픥4,픥5,풤1,0
25,31,픥5,픥4,풤2,0
25,32,픥4,픥3,풤3,1
25,33,픥3,픥3,풤1,1
25,34,픥3,픥4,풤1,0
25,35,픥4,픥5,풤2,0
25,36,픥5,픥4,풤1,0
25,37,픥4,픥4,풤1,1
25,38,픥4,픥3,풤1,0
25,39,픥3,픥5,풤1,0
25,40,픥5,픥5,풤1,0
25,41,픥5,픥4,풤2,0
25,42,픥4,픥1,풤1,1
25,43,픥1,픥2,풤1,1
25,44,픥2,픥2,풤1,1
25,45,픥2,픥1,풤2,0
25,46,픥1,픥5,풤1,0
25,47,픥5,픥5,풤2,0
25,48,픥5,픥4,풤1,0
25,49,픥4,픥3,풤1,0
25,50,픥3,픥2,풤2,1
25,51,픥2,픥1,풤2,0
25,52,픥1,픥2,풤1,0
26,1,픥1,픥1,풤1,1
26,2,픥1,픥1,풤1,0
26,3,픥1,픥3,풤1,0
26,4,픥3,픥3,풤1,0
26,5,픥3,픥4,풤2,1
26,6,픥4,픥5,풤1,0
26,7,픥5,픥4,풤2,0
26,8,픥4,픥4,풤1,1
26,9,픥4,픥5,풤1,0
26,10,픥5,픥2,풤1,0
26,11,픥2,픥2,풤1,1
26,12,픥2,픥2,풤2,1
26,13,픥2,픥3,풤1,0
26,14,픥3,픥4,풤3,0
26,15,픥4,픥3,풤2,1
26,16,픥3,픥2,풤1,0
26,17,픥2,픥1,풤1,1
26,18,픥1,픥4,풤3,1
26,19,픥4,픥4,풤1,0
26,20,픥4,픥5,풤2,0
26,21,픥5,픥1,풤2,0
26,22,픥1,픥2,풤1,0
26,23,픥2,픥1,풤1,0
26,24,픥1,픥1,풤1,1
26,25,픥1,픥1,풤1,1
26,26,픥1,픥1,풤1,0
26,27,픥1,픥1,풤1,0
26,28,픥1,픥2,풤1,1
26,29,픥2,픥2,풤2,0
26,30,픥2,픥1,풤1,0
26,31,픥1,픥2,풤1,0
26,32,픥2,픥3,풤1,1
26,33,픥3,픥3,풤1,0
26,34,픥3,픥4,풤2,0
26,35,픥4,픥3,풤2,0
26,36,픥3,픥4,풤1,0
26,37,픥4,픥4,풤1,0
26,38,픥4,픥3,풤1,0
26,39,픥3,픥2,풤2,1
26,40,픥2,픥3,풤1,0
26,41,픥3,픥3,풤1,0
26,42,픥3,픥2,풤1,0
26,43,픥2,픥2,풤1,0
26,44,픥2,픥1,풤1,0
26,45,픥1,픥1,풤1,1
26,46,픥1,픥2,풤2,0
26,47,픥2,픥2,풤1,0
26,48,픥2,픥2,풤1,0
27,1,픥2,픥1,풤3,1
27,2,픥1,픥2,풤1,0
27,3,픥2,픥1,풤1,0
27,4,픥1,픥4,풤1,0
27,5,픥4,픥2,풤3,0
27,6,픥2,픥3,풤2,0
27,7,픥3,픥5,풤1,1
27,8,픥5,픥1,풤2,1
27,9,픥1,픥1,풤1,0
27,10,픥1,픥1,풤1,1
27,11,픥1,픥2,풤3,1
27,12,픥2,픥2,풤1,0
27,13,픥2,픥4,풤2,1
27,14,픥4,픥5,풤2,1
27,15,픥5,픥5,풤3,0
27,16,픥5,픥2,풤1,1
27,17,픥2,픥4,풤1,0
27,18,픥4,픥4,풤1,0
27,19,픥4,픥3,풤2,0
27,20,픥3,픥5,풤1,0
27,21,픥5,픥5,풤1,0
27,22,픥5,픥5,풤1,0
27,23,픥5,픥5,풤1,0
27,24,픥5,픥4,풤2,0
27,25,픥4,픥1,풤1,0
27,26,픥1,픥1,풤1,0
27,27,픥1,픥3,풤1,1
27,28,픥3,픥3,풤1,0
27,29,픥3,픥3,풤1,0
27,30,픥3,픥4,풤1,0
27,31,픥4,픥4,풤2,1
27,32,픥4,픥5,풤2,1
27,33,픥5,픥4,풤2,1
27,34,픥4,픥4,풤2,0
27,35,픥4,픥3,풤2,0
27,36,픥3,픥3,풤1,1
27,37,픥3,픥4,풤1,0
27,38,픥4,픥5,풤1,0
27,39,픥5,픥5,풤1,0
27,40,픥5,픥1,풤1,0
28,1,픥1,픥3,풤2,1
28,2,픥3,픥4,풤1,0
28,3,픥4,픥3,풤1,0
28,4,픥3,픥2,풤1,1
28,5,픥2,픥2,풤2,0
28,6,픥2,픥1,풤1,1
28,7,픥1,픥1,풤1,0
28,8,픥1,픥1,풤1,0
28,9,픥1,픥3,풤1,0
28,10,픥3,픥4,풤1,1
28,11,픥4,픥3,풤1,0
28,12,픥3,픥4,풤3,1
28,13,픥4,픥4,풤3,0
28,14,픥4,픥3,풤1,0
28,15,픥3,픥2,풤1,0
28,16,픥2,픥5,풤2,0
28,17,픥5,픥4,풤1,0
28,18,픥4,픥2,풤1,0
28,19,픥2,픥1,풤1,0
28,20,픥1,픥2,풤1,1
28,21,픥2,픥1,풤1,1
28,22,픥1,픥5,풤1,0
28,23,픥5,픥1,풤1,0
28,24,픥1,픥5,풤1,0
28,25,픥5,픥4,풤1,1
28,26,픥4,픥5,풤1,0
29,1,픥1,픥4,풤1,1
29,2,픥4,픥3,풤1,0
29,3,픥3,픥4,풤1,1
29,4,픥4,픥4,풤3,0
29,5,픥4,픥5,풤1,1
29,6,픥5,픥5,풤1,0
29,7,픥5,픥4,풤1,0
29,8,픥4,픥4,풤1,1
29,9,픥4,픥2,풤2,1
29,10,픥2,픥1,풤1,0
29,11,픥1,픥3,풤1,1
29,12,픥3,픥1,풤1,0
29,13,픥1,픥1,풤1,0
29,14,픥1,픥2,풤1,0
29,15,픥2,픥3,풤1,0
29,16,픥3,픥2,풤1,0
29,17,픥2,픥2,풤2,0
29,18,픥2,픥3,풤2,0
29,19,픥3,픥4,풤1,0
29,20,픥4,픥4,풤1,0
29,21,픥4,픥3,풤1,0
29,22,픥3,픥3,풤1,0
29,23,픥3,픥3,풤3,1
29,24,픥3,픥2,풤1,0
29,25,픥2,픥1,풤1,0
29,26,픥1,픥1,풤1,0
29,27,픥1,픥2,풤1,0
29,28,픥2,픥2,풤2,0
29,29,픥2,픥2,풤1,0
29,30,픥2,픥3,풤1,1
29,31,픥3,픥1,풤1,0
29,32,픥1,픥1,풤1,0
29,33,픥1,픥4,풤1,0
29,34,픥4,픥5,풤1,0
29,35,픥5,픥4,풤3,1
29,36,픥4,픥5,풤1,0
29,37,픥5,픥5,풤1,0
29,38,픥5,픥5,풤3,1
29,39,픥5,픥2,풤1,0
29,40,픥2,픥3,풤1,1
29,41,픥3,픥2,풤1,0
29,42,픥2,픥2,풤1,1
29,43,픥2,픥2,풤1,0
29,44,픥2,픥1,풤1,0
29,45,픥1,픥1,풤1,0
29,46,픥1,픥3,풤1,0
29,47,픥3,픥4,풤3,0
29,48,픥4,픥3,풤1,0
30,1,픥2,픥2,풤1,0
30,2,픥2,픥2,풤1,0
30,3,픥2,픥1,풤1,1
30,4,픥1,픥3,풤1,1
30,5,픥3,픥3,풤1,0
30,6,픥3,픥2,풤2,0
30,7,픥2,픥2,풤1,0
30,8,픥2,픥3,풤1,1
30,9,픥3,픥1,풤1,1
30,10,픥1,픥1,풤1,0
30,11,픥1,픥2,풤1,0
30,12,픥2,픥1,풤1,0
30,13,픥1,픥1,풤1,0
30,14,픥1,픥1,풤1,0
30,15,픥1,픥4,풤1,0
30,16,픥4,픥5,풤3,1
30,17,픥5,픥5,풤3,0
30,18,픥5,픥4,풤1,1
30,19,픥4,픥5,풤1,0
30,20,픥5,픥5,풤2,1
30,21,픥5,픥4,풤3,1
30,22,픥4,픥5,풤1,0
30,23,픥5,픥1,풤1,0
30,24,픥1,픥1,풤1,0
30,25,픥1,픥2,풤1,0
30,26,픥2,픥2,풤1,1
30,27,픥2,픥2,풤1,0
30,28,픥2,픥5,풤3,0
30,29,픥5,픥5,풤2,1
30,30,픥5,픥4,풤1,0
30,31,픥4,픥2,풤1,0
30,32,픥2,픥3,풤1,0
30,33,픥3,픥3,풤2,0
30,34,픥3,픥3,풤1,0
30,35,픥3,픥2,풤1,0
30,36,픥2,픥1,풤1,1
30,37,픥1,픥2,풤3,0
30,38,픥2,픥4,풤1,0
30,39,픥4,픥5,풤2,1
30,40,픥5,픥4,풤1,0
30,41,픥4,픥5,풤1,0
30,42,픥5,픥1,풤3,1
30,43,픥1,픥1,풤1,0
30,44,픥1,픥5,풤1,1
30,45,픥5,픥3,풤1,0
30,46,픥3,픥2,풤1,0
30,47,픥2,픥2,풤1,0
30,48,픥2,픥1,풤3,1
30,49,픥1,픥1,풤1,0
30,50,픥1,픥3,풤1,0
30,51,픥3,픥5,풤1,0
30,52,픥5,픥1,풤1,1
30,53,픥1,픥1,풤1,0
30,54,픥1,픥5,풤2,1
30,55,픥5,픥5,풤1,0
30,56,픥5,픥3,풤1,0
30,57,픥3,픥5,풤1,0
30,58,픥5,픥4,풤1,0
31,1,픥1,픥2,풤1,0
31,2,픥2,픥1,풤3,1
31,3,픥1,픥1,풤1,0
31,4,픥1,픥2,풤1,0
31,5,픥2,픥3,풤1,0
31,6,픥3,픥4,풤1,0
31,7,픥4,픥5,풤2,1
31,8,픥5,픥5,풤2,1
31,9,픥5,픥4,풤3,0
31,10,픥4,픥1,풤1,0
31,11,픥1,픥1,풤1,0
31,12,픥1,픥2,풤1,0
31,13,픥2,픥3,풤1,1
31,14,픥3,픥2,풤1,0
31,15,픥2,픥1,풤3,0
31,16,픥1,픥1,풤1,1
31,17,픥1,픥2,풤1,0
31,18,픥2,픥3,풤2,1
31,19,픥3,픥4,풤1,1
31,20,픥4,픥3,풤1,0
31,21,픥3,픥3,풤2,1
31,22,픥3,픥3,풤3,1
31,23,픥3,픥4,풤1,0
31,24,픥4,픥3,풤2,0
31,25,픥3,픥4,풤1,0
31,26,픥4,픥3,풤1,1
31,27,픥3,픥2,풤2,0
31,28,픥2,픥2,풤1,0
31,29,픥2,픥2,풤1,0
31,30,픥2,픥1,풤2,0
31,31,픥1,픥2,풤1,0
31,32,픥2,픥2,풤1,0
31,33,픥2,픥2,풤3,1
31,34,픥2,픥1,풤1,0
31,35,픥1,픥1,풤1,0
31,36,픥1,픥5,풤1,0
31,37,픥5,픥3,풤1,0
31,38,픥3,픥2,풤1,0
31,39,픥2,픥1,풤1,0
31,40,픥1,픥1,풤1,0
31,41,픥1,픥1,풤1,0
31,42,픥1,픥1,풤3,1
31,43,픥1,픥1,풤1,0
31,44,픥1,픥3,풤1,0
31,45,픥3,픥3,풤2,1
31,46,픥3,픥3,풤1,0
31,47,픥3,픥3,풤1,0
31,48,픥3,픥3,풤1,0
31,49,픥3,픥4,풤1,1
32,1,픥1,픥2,풤1,0
32,2,픥2,픥3,풤1,0
32,3,픥3,픥3,풤1,0
32,4,픥3,픥4,풤1,0
32,5,픥4,픥3,풤1,1
32,6,픥3,픥2,풤1,1
32,7,픥2,픥2,풤2,0
32,8,픥2,픥3,풤1,0
32,9,픥3,픥2,풤1,1
32,10,픥2,픥1,풤1,1
32,11,픥1,픥1,풤1,1
32,12,픥1,픥2,풤3,0
32,13,픥2,픥5,풤1,0
32,14,픥5,픥4,풤2,1
32,15,픥4,픥3,풤1,0
32,16,픥3,픥4,풤1,0
32,17,픥4,픥4,풤2,1
32,18,픥4,픥5,풤1,0
32,19,픥5,픥5,풤1,0
32,20,픥5,픥4,풤1,0
32,21,픥4,픥4,풤1,1
32,22,픥4,픥4,풤1,0
32,23,픥4,픥5,풤2,1
32,24,픥5,픥2,풤1,0
32,25,픥2,픥4,풤1,1
32,26,픥4,픥3,풤1,0
32,27,픥3,픥3,풤3,0
32,28,픥3,픥1,풤1,0
32,29,픥1,픥2,풤1,0
32,30,픥2,픥1,풤1,0
32,31,픥1,픥1,풤1,0
32,32,픥1,픥1,풤1,0
32,33,픥1,픥1,풤1,1
32,34,픥1,픥2,풤1,0
32,35,픥2,픥2,풤3,0
32,36,픥2,픥1,풤1,0
32,37,픥1,픥2,풤3,0
32,38,픥2,픥2,풤1,0
32,39,픥2,픥4,풤1,0
32,40,픥4,픥4,풤1,1
32,41,픥4,픥2,풤1,0
32,42,픥2,픥2,풤1,0
32,43,픥2,픥3,풤1,0
32,44,픥3,픥2,풤2,1
32,45,픥2,픥3,풤3,0
32,46,픥3,픥4,풤1,0
32,47,픥4,픥3,풤2,1
33,1,픥1,픥1,풤1,0
33,2,픥1,픥1,풤1,0
33,3,픥1,픥3,풤1,0
33,4,픥3,픥4,풤1,0
33,5,픥4,픥2,풤1,1
33,6,픥2,픥2,풤1,0
33,7,픥2,픥1,풤2,0
33,8,픥1,픥3,풤1,0
33,9,픥3,픥3,풤2,1
33,10,픥3,픥2,풤1,0
33,11,픥2,픥1,풤1,0
33,12,픥1,픥1,풤1,0
33,13,픥1,픥3,풤1,0
33,14,픥3,픥4,풤3,1
33,15,픥4,픥2,풤1,0
33,16,픥2,픥3,풤1,0
33,17,픥3,픥4,풤3,1
33,18,픥4,픥5,풤1,1
33,19,픥5,픥1,풤2,0
33,20,픥1,픥1,풤1,0
33,21,픥1,픥2,풤2,0
33,22,픥2,픥5,풤1,1
33,23,픥5,픥1,풤1,0
33,24,픥1,픥1,풤1,1
33,25,픥1,픥2,풤1,0
33,26,픥2,픥2,풤2,0
33,27,픥2,픥2,풤1,0
33,28,픥2,픥3,풤1,0
33,29,픥3,픥2,풤2,1
33,30,픥2,픥3,풤1,1
33,31,픥3,픥1,풤1,1
33,32,픥1,픥2,풤1,0
33,33,픥2,픥2,풤2,0
33,34,픥2,픥3,풤1,1
33,35,픥3,픥3,풤2,1
33,36,픥3,픥3,풤1,0
33,37,픥3,픥4,풤2,1
33,38,픥4,픥5,풤1,0
33,39,픥5,픥1,풤2,0
33,40,픥1,픥1,풤1,1
33,41,픥1,픥4,풤2,1
33,42,픥4,픥4,풤2,1
33,43,픥4,픥4,풤1,0
34,1,픥3,픥3,풤3,1
34,2,픥3,픥2,풤1,0
34,3,픥2,픥2,풤1,0
34,4,픥2,픥1,풤1,1
34,5,픥1,픥2,풤1,1
34,6,픥2,픥3,풤2,0
34,7,픥3,픥2,풤1,0
34,8,픥2,픥3,풤1,1
34,9,픥3,픥2,풤1,0
34,10,픥2,픥1,풤2,0
34,11,픥1,픥4,풤1,0
34,12,픥4,픥3,풤1,0
34,13,픥3,픥1,풤1,0
34,14,픥1,픥2,풤1,0
34,15,픥2,픥1,풤1,0
34,16,픥1,픥1,풤1,0
34,17,픥1,픥1,풤1,0
34,18,픥1,픥3,풤1,0
34,19,픥3,픥1,풤3,0
34,20,픥1,픥5,풤1,0
34,21,픥5,픥4,풤1,0
34,22,픥4,픥3,풤1,0
34,23,픥3,픥4,풤1,0
34,24,픥4,픥5,풤1,0
34,25,픥5,픥1,풤3,0
34,26,픥1,픥2,풤1,1
34,27,픥2,픥3,풤2,1
34,28,픥3,픥3,풤1,0
34,29,픥3,픥2,풤1,0
34,30,픥2,픥4,풤1,0
34,31,픥4,픥4,풤1,0
34,32,픥4,픥2,풤1,0
34,33,픥2,픥4,풤1,0
34,34,픥4,픥2,풤1,0
34,35,픥2,픥1,풤1,0
34,36,픥1,픥2,풤3,0
34,37,픥2,픥2,풤1,0
34,38,픥2,픥1,풤1,0
34,39,픥1,픥2,풤1,0
34,40,픥2,픥1,풤2,1
34,41,픥1,픥2,풤1,0
34,42,픥2,픥3,풤1,0
34,43,픥3,픥5,풤2,1
34,44,픥5,픥4,풤1,0
34,45,픥4,픥1,풤2,1
34,46,픥1,픥1,풤2,1
34,47,픥1,픥2,풤1,0
34,48,픥2,픥2,풤1,0
34,49,픥2,픥2,풤1,0
34,50,픥2,픥2,풤1,0
34,51,픥2,픥2,풤2,1
34,52,픥2,픥3,풤3,0
34,53,픥3,픥2,풤1,0
35,1,픥3,픥4,풤1,0
35,2,픥4,픥1,풤1,0
35,3,픥1,픥5,풤1,1
35,4,픥5,픥5,풤1,0
35,5,픥5,픥3,풤1,0
35,6,픥3,픥3,풤1,0
35,7,픥3,픥3,풤1,0
35,8,픥3,픥5,풤1,0
35,9,픥5,픥1,풤1,0
35,10,픥1,픥1,풤1,1
35,11,픥1,픥4,풤1,0
35,12,픥4,픥5,풤3,0
35,13,픥5,픥4,풤1,0
35,14,픥4,픥2,풤2,0
35,15,픥2,픥2,풤1,1
35,16,픥2,픥4,풤1,1
35,17,픥4,픥3,풤3,0
35,18,픥3,픥5,풤1,0
35,19,픥5,픥4,풤1,0
35,20,픥4,픥3,풤2,1
35,21,픥3,픥3,풤1,0
35,22,픥3,픥4,풤1,0
35,23,픥4,픥5,풤2,0
35,24,픥5,픥2,풤1,1
35,25,픥2,픥2,풤2,1
35,26,픥2,픥1,풤2,1
35,27,픥1,픥4,풤3,0
35,28,픥4,픥3,풤1,0
35,29,픥3,픥3,풤1,0
35,30,픥3,픥4,풤1,0
35,31,픥4,픥1,풤1,0
35,32,픥1,픥2,풤3,0
35,33,픥2,픥1,풤1,0
35,34,픥1,픥2,풤1,0
35,35,픥2,픥3,풤2,1
35,36,픥3,픥1,풤1,0
35,37,픥1,픥1,풤1,0
35,38,픥1,픥1,풤2,0
35,39,픥1,픥3,풤2,1
35,40,픥3,픥3,풤1,0
35,41,픥3,픥4,풤1,0
35,42,픥4,픥3,풤1,0
35,43,픥3,픥1,풤2,1
35,44,픥1,픥5,풤3,1
35,45,픥5,픥4,풤2,0
35,46,픥4,픥3,풤1,0
35,47,픥3,픥2,풤2,0
35,48,픥2,픥3,풤1,0
35,49,픥3,픥2,풤1,0
35,50,픥2,픥3,풤1,0
36,1,픥3,픥4,풤2,0
36,2,픥4,픥3,풤1,0
36,3,픥3,픥5,풤2,1
36,4,픥5,픥5,풤1,0
36,5,픥5,픥4,풤1,0
36,6,픥4,픥3,풤1,0
36,7,픥3,픥2,풤2,0
36,8,픥2,픥2,풤1,0
36,9,픥2,픥2,풤1,0
36,10,픥2,픥5,풤1,0
36,11,픥5,픥4,풤1,0
36,12,픥4,픥4,풤1,0
36,13,픥4,픥2,풤1,0
36,14,픥2,픥2,풤2,0
36,15,픥2,픥2,풤1,0
36,16,픥2,픥1,풤1,0
36,17,픥1,픥2,풤1,0
36,18,픥2,픥1,풤1,0
36,19,픥1,픥4,풤2,0
36,20,픥4,픥4,풤1,0
36,21,픥4,픥4,풤1,0
36,22,픥4,픥5,풤1,0
36,23,픥5,픥1,풤1,0
36,24,픥1,픥1,풤1,0
36,25,픥1,픥1,풤1,0
36,26,픥1,픥1,풤1,0
36,27,픥1,픥1,풤1,0
36,28,픥1,픥3,풤1,0
36,29,픥3,픥1,풤2,0
36,30,픥1,픥3,풤1,1
36,31,픥3,픥3,풤1,0
37,1,픥5,픥5,풤1,1
37,2,픥5,픥4,풤1,1
37,3,픥4,픥5,풤1,0
37,4,픥5,픥4,풤1,0
37,5,픥4,픥5,풤1,1
37,6,픥5,픥5,풤3,0
37,7,픥5,픥5,풤1,0
37,8,픥5,픥4,풤2,0
37,9,픥4,픥1,풤2,0
37,10,픥1,픥2,풤1,0
37,11,픥2,픥2,풤1,0
37,12,픥2,픥2,풤1,0
37,13,픥2,픥1,풤1,0
37,14,픥1,픥2,풤1,0
37,15,픥2,픥3,풤1,0
37,16,픥3,픥4,풤1,0
37,17,픥4,픥3,풤2,0
37,18,픥3,픥4,풤1,1
37,19,픥4,픥4,풤2,0
37,20,픥4,픥4,풤1,0
37,21,픥4,픥3,풤1,1
37,22,픥3,픥2,풤2,1
37,23,픥2,픥5,풤1,0
37,24,픥5,픥4,풤1,0
37,25,픥4,픥3,풤2,0
37,26,픥3,픥3,풤3,0
37,27,픥3,픥2,풤2,0
37,28,픥2,픥2,풤1,0
37,29,픥2,픥3,풤1,0
37,30,픥3,픥4,풤2,0
37,31,픥4,픥5,풤1,1
37,32,픥5,픥2,풤1,1
37,33,픥2,픥3,풤1,1
37,34,픥3,픥2,풤1,0
37,35,픥2,픥2,풤1,0
37,36,픥2,픥3,풤2,0
37,37,픥3,픥4,풤1,0
37,38,픥4,픥4,풤1,0
37,39,픥4,픥3,풤1,0
37,40,픥3,픥2,풤1,0
37,41,픥2,픥1,풤1,0
37,42,픥1,픥3,풤1,0
37,43,픥3,픥4,풤2,0
37,44,픥4,픥3,풤1,0
37,45,픥3,픥2,풤1,0
37,46,픥2,픥3,풤2,1
37,47,픥3,픥3,풤1,0
37,48,픥3,픥3,풤3,1
37,49,픥3,픥3,풤2,1
37,50,픥3,픥4,풤2,0
38,1,픥5,픥4,풤1,0
38,2,픥4,픥4,풤1,1
38,3,픥4,픥4,풤1,0
38,4,픥4,픥5,풤1,1
38,5,픥5,픥4,풤1,0
38,6,픥4,픥4,풤1,0
38,7,픥4,픥5,풤3,1
38,8,픥5,픥2,풤3,1
38,9,픥2,픥2,풤2,0
38,10,픥2,픥1,풤1,1
38,11,픥1,픥5,풤1,1
38,12,픥5,픥4,풤1,0
38,13,픥4,픥5,풤2,0
38,14,픥5,픥1,풤3,0
38,15,픥1,픥4,풤1,0
38,16,픥4,픥5,풤3,1
38,17,픥5,픥4,풤2,1
38,18,픥4,픥5,풤1,0
38,19,픥5,픥1,풤1,1
38,20,픥1,픥1,풤1,0
38,21,픥1,픥2,풤1,1
38,22,픥2,픥2,풤1,0
38,23,픥2,픥1,풤1,0
38,24,픥1,픥2,풤1,1
38,25,픥2,픥4,풤1,0
38,26,픥4,픥3,풤1,0
38,27,픥3,픥4,풤1,0
38,28,픥4,픥3,풤1,0
38,29,픥3,픥2,풤1,0
38,30,픥2,픥3,풤1,0
38,31,픥3,픥2,풤1,0
38,32,픥2,픥2,풤1,0
38,33,픥2,픥5,풤1,1
38,34,픥5,픥2,풤2,0
38,35,픥2,픥5,풤1,1
38,36,픥5,픥4,풤1,1
38,37,픥4,픥4,풤3,0
38,38,픥4,픥4,풤1,0
38,39,픥4,픥3,풤2,0
38,40,픥3,픥5,풤2,0
38,41,픥5,픥5,풤2,0
38,42,픥5,픥5,풤1,0
38,43,픥5,픥1,풤2,0
38,44,픥1,픥5,풤1,0
38,45,픥5,픥4,풤2,1
39,1,픥5,픥4,풤2,0
39,2,픥4,픥4,풤1,1
39,3,픥4,픥4,풤1,0
39,4,픥4,픥3,풤1,0
39,5,픥3,픥4,풤1,0
39,6,픥4,픥3,풤1,0
39,7,픥3,픥3,풤3,0
39,8,픥3,픥3,풤3,0
39,9,픥3,픥3,풤1,1
39,10,픥3,픥2,풤2,1
39,11,픥2,픥2,풤1,0
39,12,픥2,픥3,풤1,0
39,13,픥3,픥4,풤1,0
39,14,픥4,픥3,풤1,1
39,15,픥3,픥3,풤1,0
39,16,픥3,픥3,풤1,0
39,17,픥3,픥4,풤1,1
39,18,픥4,픥5,풤1,0
39,19,픥5,픥5,풤2,1
39,20,픥5,픥3,풤3,1
39,21,픥3,픥3,풤2,1
39,22,픥3,픥4,풤2,0
39,23,픥4,픥5,풤2,1
39,24,픥5,픥4,풤1,0
39,25,픥4,픥3,풤2,1
39,26,픥3,픥2,풤1,1
39,27,픥2,픥2,풤1,1
39,28,픥2,픥3,풤1,0
39,29,픥3,픥4,풤2,0
39,30,픥4,픥5,풤1,1
39,31,픥5,픥5,풤1,0
39,32,픥5,픥4,풤1,1
39,33,픥4,픥5,풤1,1
39,34,픥5,픥4,풤3,0
39,35,픥4,픥2,풤1,1
39,36,픥2,픥3,풤1,0
39,37,픥3,픥2,풤1,1
39,38,픥2,픥1,풤1,0
39,39,픥1,픥1,풤3,1
39,40,픥1,픥1,풤1,0
39,41,픥1,픥1,풤1,0
39,42,픥1,픥1,풤1,1
39,43,픥1,픥2,풤1,0
39,44,픥2,픥1,풤2,0
39,45,픥1,픥2,풤1,1
39,46,픥2,픥1,풤1,0
39,47,픥1,픥2,풤1,0
39,48,픥2,픥2,풤2,0
39,49,픥2,픥2,풤1,1
39,50,픥2,픥4,풤2,1
39,51,픥4,픥1,풤3,0
40,1,픥5,픥5,풤1,0
40,2,픥5,픥2,풤2,0
40,3,픥2,픥1,풤1,0
40,4,픥1,픥1,풤1,0
40,5,픥1,픥2,풤1,0
40,6,픥2,픥1,풤1,0
40,7,픥1,픥2,풤1,0
40,8,픥2,픥2,풤2,0
40,9,픥2,픥2,풤1,0
40,10,픥2,픥1,풤1,1
40,11,픥1,픥5,풤1,0
40,12,픥5,픥5,풤2,1
40,13,픥5,픥1,풤2,0
40,14,픥1,픥2,풤1,0
40,15,픥2,픥2,풤2,0
40,16,픥2,픥1,풤1,0
40,17,픥1,픥1,풤1,0
40,18,픥1,픥2,풤1,0
40,19,픥2,픥1,풤1,0
40,20,픥1,픥2,풤3,1
40,21,픥2,픥2,풤1,0
40,22,픥2,픥1,풤1,0
40,23,픥1,픥1,풤1,0
40,24,픥1,픥5,풤1,0
40,25,픥5,픥5,풤1,0
40,26,픥5,픥4,풤1,0
40,27,픥4,픥2,풤2,0
40,28,픥2,픥2,풤2,0
40,29,픥2,픥2,풤1,0
40,30,픥2,픥1,풤1,0
40,31,픥1,픥1,풤1,0
40,32,픥1,픥1,풤1,1
40,33,픥1,픥5,풤2,0
41,1,픥1,픥3,풤1,0
41,2,픥3,픥3,풤3,1
41,3,픥3,픥1,풤1,0
41,4,픥1,픥1,풤1,1
41,5,픥1,픥1,풤1,0
41,6,픥1,픥1,풤1,0
41,7,픥1,픥1,풤1,0
41,8,픥1,픥2,풤1,0
41,9,픥2,픥3,풤1,0
41,10,픥3,픥2,풤1,1
41,11,픥2,픥3,풤1,0
41,12,픥3,픥2,풤1,0
41,13,픥2,픥3,풤1,0
41,14,픥3,픥5,풤2,1
41,15,픥5,픥4,풤2,0
41,16,픥4,픥3,풤1,1
41,17,픥3,픥2,풤1,0
41,18,픥2,픥2,풤2,0
41,19,픥2,픥2,풤3,0
41,20,픥2,픥3,풤1,0
41,21,픥3,픥1,풤2,1
41,22,픥1,픥2,풤1,0
41,23,픥2,픥1,풤1,0
41,24,픥1,픥5,풤3,1
41,25,픥5,픥5,풤2,1
41,26,픥5,픥1,풤2,1
41,27,픥1,픥4,풤1,1
41,28,픥4,픥2,풤2,0
41,29,픥2,픥2,풤1,0
41,30,픥2,픥1,풤1,0
41,31,픥1,픥2,풤1,0
41,32,픥2,픥2,풤1,0
41,33,픥2,픥1,풤1,0
41,34,픥1,픥2,풤1,0
41,35,픥2,픥4,풤1,0
41,36,픥4,픥5,풤1,0
41,37,픥5,픥2,풤1,0
41,38,픥2,픥3,풤3,1
41,39,픥3,픥2,풤1,0
41,40,픥2,픥2,풤1,0
41,41,픥2,픥5,풤1,0
42,1,픥1,픥1,풤1,0
42,2,픥1,픥1,풤1,0
42,3,픥1,픥2,풤1,0
42,4,픥2,픥1,풤1,0
42,5,픥1,픥1,풤1,0
42,6,픥1,픥4,풤3,0
42,7,픥4,픥4,풤3,1
42,8,픥4,픥3,풤1,0
42,9,픥3,픥4,풤1,1
42,10,픥4,픥4,풤1,0
42,11,픥4,픥3,풤1,0
42,12,픥3,픥4,풤1,0
42,13,픥4,픥4,풤1,0
42,14,픥4,픥3,풤1,0
42,15,픥3,픥2,풤1,0
42,16,픥2,픥1,풤1,1
42,17,픥1,픥1,풤1,0
42,18,픥1,픥3,풤1,1
42,19,픥3,픥3,풤1,0
42,20,픥3,픥2,풤1,1
42,21,픥2,픥3,풤2,1
42,22,픥3,픥2,풤2,1
42,23,픥2,픥1,풤1,0
42,24,픥1,픥2,풤1,0
42,25,픥2,픥2,풤1,0
42,26,픥2,픥2,풤1,0
42,27,픥2,픥3,풤3,0
42,28,픥3,픥3,풤1,0
42,29,픥3,픥2,풤1,0
42,30,픥2,픥1,풤1,0
42,31,픥1,픥2,풤2,0
42,32,픥2,픥2,풤3,0
42,33,픥2,픥2,풤1,0
42,34,픥2,픥1,풤3,1
42,35,픥1,픥2,풤1,0
42,36,픥2,픥1,풤1,0
42,37,픥1,픥1,풤1,0
42,38,픥1,픥1,풤3,0
42,39,픥1,픥2,풤1,0
42,40,픥2,픥3,풤1,0
42,41,픥3,픥1,풤1,0
42,42,픥1,픥5,풤1,0
42,43,픥5,픥3,풤3,1
42,44,픥3,픥2,풤1,0
42,45,픥2,픥5,풤1,1
42,46,픥5,픥4,풤2,0
42,47,픥4,픥5,풤1,0
42,48,픥5,픥5,풤1,0
42,49,픥5,픥5,풤2,0
42,50,픥5,픥4,풤1,1
42,51,픥4,픥2,풤1,0
42,52,픥2,픥1,풤1,0
42,53,픥1,픥1,풤1,0
42,54,픥1,픥2,풤1,0
43,1,픥1,픥1,풤1,0
43,2,픥1,픥2,풤1,1
43,3,픥2,픥1,풤1,1
43,4,픥1,픥2,풤1,0
43,5,픥2,픥3,풤3,1
43,6,픥3,픥4,풤2,0
43,7,픥4,픥3,풤1,0
43,8,픥3,픥3,풤1,0
43,9,픥3,픥1,풤1,1
43,10,픥1,픥4,풤1,0
43,11,픥4,픥4,풤1,0
43,12,픥4,픥3,풤2,1
43,13,픥3,픥1,풤2,0
43,14,픥1,픥2,풤1,0
43,15,픥2,픥3,풤1,0
43,16,픥3,픥3,풤1,0
43,17,픥3,픥1,풤2,0
43,18,픥1,픥1,풤1,1
43,19,픥1,픥2,풤2,0
43,20,픥2,픥3,풤1,0
43,21,픥3,픥3,풤1,0
43,22,픥3,픥4,풤1,0
43,23,픥4,픥1,풤2,0
43,24,픥1,픥1,풤1,1
43,25,픥1,픥5,풤1,0
43,26,픥5,픥2,풤1,0
43,27,픥2,픥2,풤1,0
43,28,픥2,픥2,풤1,0
43,29,픥2,픥3,풤1,0
43,30,픥3,픥4,풤1,0
43,31,픥4,픥5,풤1,0
43,32,픥5,픥5,풤1,0
43,33,픥5,픥5,풤1,0
43,34,픥5,픥4,풤2,0
43,35,픥4,픥3,풤2,0
43,36,픥3,픥2,풤1,0
43,37,픥2,픥1,풤1,0
43,38,픥1,픥2,풤1,0
43,39,픥2,픥3,풤1,0
43,40,픥3,픥2,풤1,1
44,1,픥1,픥1,풤1,0
44,2,픥1,픥2,풤1,0
44,3,픥2,픥2,풤1,1
44,4,픥2,픥3,풤1,1
44,5,픥3,픥1,풤3,1
44,6,픥1,픥2,풤1,0
44,7,픥2,픥1,풤1,0
44,8,픥1,픥5,풤1,0
44,9,픥5,픥4,풤2,0
44,10,픥4,픥3,풤2,0
44,11,픥3,픥4,풤1,0
44,12,픥4,픥3,풤2,0
44,13,픥3,픥2,풤1,0
44,14,픥2,픥2,풤1,0
44,15,픥2,픥5,풤1,0
44,16,픥5,픥5,풤2,1
44,17,픥5,픥4,풤1,0
44,18,픥4,픥5,풤1,1
44,19,픥5,픥4,풤1,0
44,20,픥4,픥4,풤1,0
44,21,픥4,픥4,풤2,1
44,22,픥4,픥3,풤1,0
44,23,픥3,픥2,풤1,0
44,24,픥2,픥2,풤2,0
44,25,픥2,픥1,풤3,0
44,26,픥1,픥3,풤1,0
44,27,픥3,픥2,풤2,0
44,28,픥2,픥1,풤1,0
44,29,픥1,픥1,풤1,0
44,30,픥1,픥1,풤1,0
44,31,픥1,픥1,풤1,0
44,32,픥1,픥1,풤1,0
44,33,픥1,픥2,풤1,0
44,34,픥2,픥2,풤1,1
44,35,픥2,픥1,풤1,0
44,36,픥1,픥2,풤2,0
44,37,픥2,픥5,풤1,0
44,38,픥5,픥4,풤1,0
44,39,픥4,픥5,풤1,0
45,1,픥3,픥3,풤1,1
45,2,픥3,픥4,풤1,0
45,3,픥4,픥5,풤3,1
45,4,픥5,픥4,풤2,0
45,5,픥4,픥4,풤3,1
45,6,픥4,픥3,풤2,0
45,7,픥3,픥3,풤2,1
45,8,픥3,픥2,풤2,1
45,9,픥2,픥3,풤2,0
45,10,픥3,픥2,풤2,1
45,11,픥2,픥3,풤3,0
45,12,픥3,픥4,풤1,1
45,13,픥4,픥2,풤1,0
45,14,픥2,픥2,풤1,0
45,15,픥2,픥2,풤1,0
45,16,픥2,픥4,풤1,0
45,17,픥4,픥3,풤2,0
45,18,픥3,픥4,풤2,1
45,19,픥4,픥3,풤1,0
45,20,픥3,픥2,풤3,1
45,21,픥2,픥1,풤1,0
45,22,픥1,픥2,풤1,0
45,23,픥2,픥2,풤2,0
45,24,픥2,픥3,풤1,0
45,25,픥3,픥2,풤1,0
45,26,픥2,픥2,풤1,0
45,27,픥2,픥1,풤1,0
45,28,픥1,픥5,풤1,0
45,29,픥5,픥1,풤3,1
45,30,픥1,픥1,풤1,0
45,31,픥1,픥5,풤1,1
45,32,픥5,픥4,풤1,0
45,33,픥4,픥4,풤1,0
45,34,픥4,픥5,풤1,1
45,35,픥5,픥3,풤3,0
45,36,픥3,픥3,풤1,0
45,37,픥3,픥3,풤1,0
45,38,픥3,픥2,풤1,0
45,39,픥2,픥2,풤1,0
45,40,픥2,픥3,풤1,0
45,41,픥3,픥2,풤1,1
46,1,픥2,픥1,풤1,0
46,2,픥1,픥2,풤1,0
46,3,픥2,픥1,풤1,0
46,4,픥1,픥3,풤1,0
46,5,픥3,픥2,풤1,1
46,6,픥2,픥3,풤1,0
46,7,픥3,픥3,풤1,0
46,8,픥3,픥3,풤2,0
46,9,픥3,픥2,풤1,0
46,10,픥2,픥1,풤3,0
46,11,픥1,픥4,풤1,0
46,12,픥4,픥4,풤1,0
46,13,픥4,픥2,풤1,1
46,14,픥2,픥1,풤1,0
46,15,픥1,픥2,풤1,1
46,16,픥2,픥2,풤2,0
46,17,픥2,픥3,풤1,0
46,18,픥3,픥2,풤1,0
46,19,픥2,픥2,풤1,1
46,20,픥2,픥5,풤1,0
46,21,픥5,픥4,풤1,0
46,22,픥4,픥1,풤1,0
46,23,픥1,픥2,풤1,0
46,24,픥2,픥3,풤1,0
46,25,픥3,픥2,풤1,0
46,26,픥2,픥1,풤1,0
46,27,픥1,픥1,풤1,1
47,1,픥4,픥4,풤3,0
47,2,픥4,픥3,풤2,0
47,3,픥3,픥3,풤3,0
47,4,픥3,픥2,풤3,1
47,5,픥2,픥5,풤1,0
47,6,픥5,픥2,풤1,1
47,7,픥2,픥3,풤3,0
47,8,픥3,픥4,풤1,0
47,9,픥4,픥3,풤3,1
47,10,픥3,픥4,풤1,0
47,11,픥4,픥1,풤2,0
47,12,픥1,픥1,풤1,0
47,13,픥1,픥2,풤1,0
47,14,픥2,픥3,풤1,0
47,15,픥3,픥3,풤1,1
47,16,픥3,픥3,풤1,1
47,17,픥3,픥2,풤1,0
47,18,픥2,픥2,풤1,0
47,19,픥2,픥2,풤1,0
47,20,픥2,픥1,풤1,0
47,21,픥1,픥2,풤2,0
47,22,픥2,픥2,풤1,0
47,23,픥2,픥1,풤1,0
47,24,픥1,픥2,풤1,1
47,25,픥2,픥1,풤1,1
47,26,픥1,픥4,풤1,0
47,27,픥4,픥5,풤3,0
47,28,픥5,픥5,풤1,0
47,29,픥5,픥3,풤1,1
47,30,픥3,픥4,풤3,0
47,31,픥4,픥5,풤1,0
47,32,픥5,픥1,풤1,0
47,33,픥1,픥1,풤1,1
47,34,픥1,픥2,풤3,1
47,35,픥2,픥3,풤2,0
47,36,픥3,픥1,풤1,0
47,37,픥1,픥1,풤1,0
47,38,픥1,픥1,풤2,0
47,39,픥1,픥2,풤1,1
47,40,픥2,픥2,풤1,0
47,41,픥2,픥1,풤2,0
47,42,픥1,픥1,풤1,1
47,43,픥1,픥1,풤1,0
47,44,픥1,픥1,풤1,1
47,45,픥1,픥1,풤2,0
47,46,픥1,픥3,풤1,1
47,47,픥3,픥3,풤2,0
47,48,픥3,픥2,풤2,1
47,49,픥2,픥3,풤1,1
47,50,픥3,픥2,풤1,0
47,51,픥2,픥3,풤1,0
48,1,픥1,픥4,풤1,0
48,2,픥4,픥5,풤1,0
48,3,픥5,픥4,풤1,1
48,4,픥4,픥3,풤1,1
48,5,픥3,픥4,풤2,0
48,6,픥4,픥4,풤1,0
48,7,픥4,픥3,풤1,0
48,8,픥3,픥2,풤2,1
48,9,픥2,픥4,풤1,1
48,10,픥4,픥5,풤2,0
48,11,픥5,픥4,풤1,0
48,12,픥4,픥5,풤1,0
48,13,픥5,픥2,풤2,0
48,14,픥2,픥1,풤1,0
48,15,픥1,픥3,풤1,0
48,16,픥3,픥4,풤1,1
48,17,픥4,픥5,풤1,0
48,18,픥5,픥2,풤1,0
48,19,픥2,픥3,풤1,0
48,20,픥3,픥2,풤2,0
48,21,픥2,픥1,풤1,1
48,22,픥1,픥2,풤1,0
48,23,픥2,픥2,풤1,0
48,24,픥2,픥1,풤1,0
48,25,픥1,픥1,풤1,0
48,26,픥1,픥1,풤1,0
48,27,픥1,픥1,풤1,0
48,28,픥1,픥1,풤1,1
48,29,픥1,픥5,풤1,0
48,30,픥5,픥4,풤1,0
48,31,픥4,픥5,풤3,1
48,32,픥5,픥5,풤1,0
48,33,픥5,픥5,풤1,0
48,34,픥5,픥5,풤1,0
48,35,픥5,픥1,풤1,0
48,36,픥1,픥1,풤1,0
48,37,픥1,픥4,풤1,0
48,38,픥4,픥4,풤1,0
48,39,픥4,픥1,풤2,0
48,40,픥1,픥2,풤1,0
49,1,픥2,픥1,풤1,0
49,2,픥1,픥1,풤1,1
49,3,픥1,픥2,풤1,0
49,4,픥2,픥2,풤1,0
49,5,픥2,픥3,풤1,0
49,6,픥3,픥2,풤1,0
49,7,픥2,픥1,풤2,0
49,8,픥1,픥1,풤1,1
49,9,픥1,픥1,풤1,0
49,10,픥1,픥2,풤2,1
49,11,픥2,픥3,풤1,1
49,12,픥3,픥2,풤1,0
49,13,픥2,픥3,풤2,1
49,14,픥3,픥2,풤2,0
49,15,픥2,픥3,풤3,0
49,16,픥3,픥1,풤1,0
49,17,픥1,픥2,풤1,0
49,18,픥2,픥1,풤1,0
49,19,픥1,픥3,풤1,1
49,20,픥3,픥3,풤1,0
49,21,픥3,픥2,풤2,0
49,22,픥2,픥3,풤1,1
49,23,픥3,픥3,풤1,0
49,24,픥3,픥3,풤1,0
49,25,픥3,픥4,풤1,0
49,26,픥4,픥5,풤1,0
49,27,픥5,픥5,풤1,0
49,28,픥5,픥4,풤1,1
49,29,픥4,픥3,풤1,0
49,30,픥3,픥4,풤1,0
49,31,픥4,픥4,풤1,0
49,32,픥4,픥5,풤1,0
49,33,픥5,픥5,풤1,0
49,34,픥5,픥4,풤3,1
49,35,픥4,픥4,풤3,1
49,36,픥4,픥4,풤1,1
49,37,픥4,픥5,풤1,1
49,38,픥5,픥5,풤1,0
49,39,픥5,픥4,풤3,1
50,1,픥5,픥4,풤1,0
50,2,픥4,픥3,풤1,0
50,3,픥3,픥4,풤1,0
50,4,픥4,픥4,풤1,0
50,5,픥4,픥3,풤1,0
50,6,픥3,픥3,풤1,0
50,7,픥3,픥3,풤2,1
50,8,픥3,픥2,풤1,0
50,9,픥2,픥1,풤1,0
50,10,픥1,픥1,풤2,0
50,11,픥1,픥1,풤3,0
50,12,픥1,픥2,풤1,0
50,13,픥2,픥2,풤1,0
50,14,픥2,픥1,풤1,1
50,15,픥1,픥2,풤1,0
50,16,픥2,픥2,풤2,1
50,17,픥2,픥3,풤1,0
50,18,픥3,픥2,풤2,0
50,19,픥2,픥1,풤1,0
50,20,픥1,픥2,풤1,0
50,21,픥2,픥4,풤1,1
50,22,픥4,픥4,풤1,0
50,23,픥4,픥4,풤1,0
50,24,픥4,픥1,풤2,0
50,25,픥1,픥4,풤3,0
50,26,픥4,픥3,풤1,0
50,27,픥3,픥2,풤1,0
50,28,픥2,픥5,풤1,1
50,29,픥5,픥5,풤2,1
50,30,픥5,픥5,풤2,0
50,31,픥5,픥3,풤2,1
50,32,픥3,픥4,풤3,1
50,33,픥4,픥4,풤2,1
50,34,픥4,픥4,풤2,0
50,35,픥4,픥2,풤1,0
50,36,픥2,픥2,풤1,0
50,37,픥2,픥2,풤1,0
50,38,픥2,픥2,풤1,1
50,39,픥2,픥1,풤1,1
50,40,픥1,픥1,풤2,0
50,41,픥1,픥1,풤3,1
50,42,픥1,픥2,풤1,0
50,43,픥2,픥3,풤2,0
50,44,픥3,픥5,풤1,0
50,45,픥5,픥1,풤2,1
50,46,픥1,픥1,풤1,0
50,47,픥1,픥2,풤2,1
50,48,픥2,픥3,풤1,1
50,49,픥3,픥3,풤2,1
50,50,픥3,픥5,풤1,1
50,51,픥5,픥4,풤1,0
50,52,픥4,픥5,풤1,1
50,53,픥5,픥5,풤1,0
50,54,픥5,픥4,풤1,0
51,1,픥2,픥1,풤1,1
51,2,픥1,픥2,풤1,1
51,3,픥2,픥1,풤1,0
51,4,픥1,픥1,풤1,0
51,5,픥1,픥1,풤1,1
51,6,픥1,픥1,풤1,0
51,7,픥1,픥4,풤1,0
51,8,픥4,픥5,풤1,1
51,9,픥5,픥4,풤3,0
51,10,픥4,픥5,풤1,0
51,11,픥5,픥5,풤1,0
51,12,픥5,픥2,풤2,1
51,13,픥2,픥2,풤1,0
51,14,픥2,픥1,풤1,0
51,15,픥1,픥2,풤1,1
51,16,픥2,픥3,풤2,0
51,17,픥3,픥4,풤2,1
51,18,픥4,픥4,풤1,0
51,19,픥4,픥3,풤3,0
51,20,픥3,픥3,풤2,1
51,21,픥3,픥3,풤2,0
51,22,픥3,픥2,풤1,0
51,23,픥2,픥1,풤1,0
51,24,픥1,픥2,풤1,0
51,25,픥2,픥3,풤1,0
51,26,픥3,픥3,풤1,0
51,27,픥3,픥4,풤1,0
51,28,픥4,픥2,풤1,0
51,29,픥2,픥3,풤1,0
51,30,픥3,픥4,풤1,0
51,31,픥4,픥2,풤1,0
51,32,픥2,픥1,풤1,1
51,33,픥1,픥2,풤1,0
51,34,픥2,픥3,풤1,0
51,35,픥3,픥2,풤2,0
51,36,픥2,픥4,풤2,0
51,37,픥4,픥4,풤1,0
51,38,픥4,픥5,풤2,0
51,39,픥5,픥5,풤1,0
51,40,픥5,픥3,풤1,0
51,41,픥3,픥2,풤1,0
51,42,픥2,픥2,풤1,0
51,43,픥2,픥4,풤1,0
51,44,픥4,픥3,풤1,0
51,45,픥3,픥4,풤1,0
51,46,픥4,픥5,풤1,0
51,47,픥5,픥5,풤1,1
51,48,픥5,픥5,풤1,1
51,49,픥5,픥4,풤2,0
51,50,픥4,픥3,풤2,1
51,51,픥3,픥3,풤2,0
51,52,픥3,픥2,풤1,0
52,1,픥5,픥4,풤3,1
52,2,픥4,픥4,풤3,0
52,3,픥4,픥3,풤1,0
52,4,픥3,픥4,풤3,0
52,5,픥4,픥2,풤1,1
52,6,픥2,픥1,풤1,0
52,7,픥1,픥2,풤2,1
52,8,픥2,픥2,풤1,0
52,9,픥2,픥3,풤1,0
52,10,픥3,픥4,풤1,0
52,11,픥4,픥3,풤1,0
52,12,픥3,픥1,풤1,0
52,13,픥1,픥2,풤1,0
52,14,픥2,픥3,풤2,0
52,15,픥3,픥3,풤1,0
52,16,픥3,픥3,풤1,0
52,17,픥3,픥4,풤1,0
52,18,픥4,픥3,풤1,0
52,19,픥3,픥2,풤1,0
52,20,픥2,픥2,풤1,0
52,21,픥2,픥5,풤2,0
52,22,픥5,픥4,풤1,0
52,23,픥4,픥4,풤1,0
52,24,픥4,픥3,풤1,0
52,25,픥3,픥2,풤1,0
52,26,픥2,픥3,풤1,0
53,1,픥5,픥4,풤2,0
53,2,픥4,픥3,풤3,0
53,3,픥3,픥5,풤1,0
53,4,픥5,픥1,풤1,0
53,5,픥1,픥2,풤1,0
53,6,픥2,픥2,풤2,1
53,7,픥2,픥2,풤1,0
53,8,픥2,픥3,풤2,0
53,9,픥3,픥3,풤1,1
53,10,픥3,픥1,풤1,0
53,11,픥1,픥1,풤1,0
53,12,픥1,픥1,풤1,1
53,13,픥1,픥1,풤1,0
53,14,픥1,픥2,풤1,1
53,15,픥2,픥2,풤1,0
53,16,픥2,픥3,풤1,1
53,17,픥3,픥4,풤1,1
53,18,픥4,픥2,풤2,0
53,19,픥2,픥2,풤1,1
53,20,픥2,픥2,풤2,0
53,21,픥2,픥2,풤2,0
53,22,픥2,픥2,풤2,0
53,23,픥2,픥1,풤1,0
53,24,픥1,픥2,풤1,0
53,25,픥2,픥2,풤1,0
53,26,픥2,픥1,풤2,0
53,27,픥1,픥1,풤1,0
53,28,픥1,픥1,풤1,0
54,1,픥5,픥4,풤1,0
54,2,픥4,픥3,풤3,0
54,3,픥3,픥4,풤1,1
54,4,픥4,픥4,풤1,0
54,5,픥4,픥3,풤1,0
54,6,픥3,픥4,풤1,0
54,7,픥4,픥5,풤2,0
54,8,픥5,픥5,풤1,1
54,9,픥5,픥5,풤3,1
54,10,픥5,픥3,풤1,0
54,11,픥3,픥3,풤2,1
54,12,픥3,픥3,풤2,1
54,13,픥3,픥2,풤1,0
54,14,픥2,픥4,풤1,0
54,15,픥4,픥3,풤2,0
54,16,픥3,픥2,풤1,1
54,17,픥2,픥3,풤1,0
54,18,픥3,픥4,풤1,1
54,19,픥4,픥4,풤1,1
54,20,픥4,픥4,풤2,1
54,21,픥4,픥5,풤1,0
54,22,픥5,픥4,풤2,1
54,23,픥4,픥3,풤2,1
54,24,픥3,픥3,풤2,1
54,25,픥3,픥4,풤1,0
54,26,픥4,픥4,풤1,0
54,27,픥4,픥3,풤1,0
54,28,픥3,픥4,풤1,0
54,29,픥4,픥5,풤1,0
54,30,픥5,픥5,풤1,0
54,31,픥5,픥5,풤3,0
54,32,픥5,픥2,풤1,0
54,33,픥2,픥1,풤1,0
54,34,픥1,픥5,풤1,1
54,35,픥5,픥5,풤2,1
54,36,픥5,픥4,풤1,0
55,1,픥1,픥1,풤1,0
55,2,픥1,픥1,풤1,0
55,3,픥1,픥4,풤1,1
55,4,픥4,픥5,풤2,0
55,5,픥5,픥5,풤2,1
55,6,픥5,픥1,풤1,0
55,7,픥1,픥2,풤1,0
55,8,픥2,픥3,풤1,0
55,9,픥3,픥4,풤1,0
55,10,픥4,픥3,풤3,0
55,11,픥3,픥3,풤1,0
55,12,픥3,픥3,풤1,0
55,13,픥3,픥2,풤2,1
55,14,픥2,픥1,풤2,1
55,15,픥1,픥1,풤2,0
55,16,픥1,픥2,풤1,0
55,17,픥2,픥2,풤3,0
55,18,픥2,픥1,풤1,0
55,19,픥1,픥1,풤1,0
55,20,픥1,픥2,풤1,0
55,21,픥2,픥3,풤1,1
55,22,픥3,픥4,풤1,0
55,23,픥4,픥1,풤1,0
55,24,픥1,픥1,풤1,0
55,25,픥1,픥3,풤1,0
55,26,픥3,픥2,풤1,1
55,27,픥2,픥3,풤1,1
55,28,픥3,픥2,풤1,0
55,29,픥2,픥3,풤1,1
55,30,픥3,픥4,풤1,1
55,31,픥4,픥4,풤1,0
55,32,픥4,픥4,풤1,1
55,33,픥4,픥5,풤1,0
55,34,픥5,픥4,풤1,0
55,35,픥4,픥2,풤2,0
55,36,픥2,픥2,풤2,1
55,37,픥2,픥1,풤1,0
55,38,픥1,픥3,풤1,0
55,39,픥3,픥2,풤1,1
55,40,픥2,픥1,풤3,0
55,41,픥1,픥2,풤1,0
55,42,픥2,픥2,풤1,0
55,43,픥2,픥1,풤2,0
55,44,픥1,픥1,풤1,0
55,45,픥1,픥2,풤1,1
55,46,픥2,픥2,풤1,0
55,47,픥2,픥2,풤2,0
55,48,픥2,픥3,풤1,0
56,1,픥1,픥1,풤1,0
56,2,픥1,픥3,풤2,0
56,3,픥3,픥3,풤1,0
56,4,픥3,픥2,풤1,0
56,5,픥2,픥3,풤1,1
56,6,픥3,픥3,풤1,0
56,7,픥3,픥2,풤1,0
56,8,픥2,픥3,풤1,0
56,9,픥3,픥2,풤1,0
56,10,픥2,픥2,풤1,1
56,11,픥2,픥2,풤1,1
56,12,픥2,픥2,풤1,0
56,13,픥2,픥2,풤1,0
56,14,픥2,픥3,풤1,0
56,15,픥3,픥3,풤3,0
56,16,픥3,픥2,풤1,0
56,17,픥2,픥5,풤1,0
56,18,픥5,픥3,풤1,0
56,19,픥3,픥4,풤2,1
56,20,픥4,픥5,풤2,1
56,21,픥5,픥2,풤3,1
56,22,픥2,픥1,풤1,0
56,23,픥1,픥1,풤1,0
56,24,픥1,픥1,풤1,0
56,25,픥1,픥5,풤1,0
56,26,픥5,픥5,풤1,0
56,27,픥5,픥1,풤2,0
56,28,픥1,픥2,풤2,0
56,29,픥2,픥3,풤1,0
56,30,픥3,픥3,풤1,0
56,31,픥3,픥3,풤3,1
57,1,픥1,픥3,풤1,0
57,2,픥3,픥2,풤1,1
57,3,픥2,픥2,풤1,0
57,4,픥2,픥2,풤1,0
57,5,픥2,픥1,풤1,0
57,6,픥1,픥2,풤1,0
57,7,픥2,픥1,풤1,1
57,8,픥1,픥4,풤2,1
57,9,픥4,픥1,풤2,1
57,10,픥1,픥5,풤1,0
57,11,픥5,픥5,풤2,0
57,12,픥5,픥5,풤1,1
57,13,픥5,픥4,풤2,0
57,14,픥4,픥3,풤1,0
57,15,픥3,픥3,풤1,0
57,16,픥3,픥3,풤2,0
57,17,픥3,픥2,풤1,0
57,18,픥2,픥1,풤3,0
57,19,픥1,픥2,풤1,0
57,20,픥2,픥1,풤1,0
57,21,픥1,픥2,풤1,0
57,22,픥2,픥4,풤1,0
57,23,픥4,픥3,풤1,0
57,24,픥3,픥3,풤1,0
57,25,픥3,픥4,풤1,0
57,26,픥4,픥3,풤2,0
57,27,픥3,픥2,풤1,1
57,28,픥2,픥2,풤1,1
57,29,픥2,픥4,풤1,0
57,30,픥4,픥3,풤1,0
57,31,픥3,픥3,풤1,1
57,32,픥3,픥3,풤1,1
57,33,픥3,픥1,풤2,0
57,34,픥1,픥1,풤1,1
57,35,픥1,픥1,풤1,0
57,36,픥1,픥2,풤1,1
57,37,픥2,픥3,풤1,0
57,38,픥3,픥2,풤1,1
57,39,픥2,픥3,풤2,1
57,40,픥3,픥4,풤2,0
57,41,픥4,픥2,풤1,1
57,42,픥2,픥1,풤1,0
57,43,픥1,픥2,풤1,0
57,44,픥2,픥3,풤2,1
57,45,픥3,픥2,풤1,0
57,46,픥2,픥3,풤1,0
57,47,픥3,픥1,풤2,0
57,48,픥1,픥1,풤3,0
57,49,픥1,픥1,풤1,1
57,50,픥1,픥4,풤1,0
57,51,픥4,픥3,풤3,0
57,52,픥3,픥1,풤1,1
57,53,픥1,픥5,풤1,0
58,1,픥4,픥3,풤1,0
58,2,픥3,픥4,풤2,0
58,3,픥4,픥4,풤1,1
58,4,픥4,픥4,풤1,0
58,5,픥4,픥5,풤3,1
58,6,픥5,픥5,풤1,0
58,7,픥5,픥5,풤3,0
58,8,픥5,픥4,풤1,0
58,9,픥4,픥4,풤1,1
58,10,픥4,픥5,풤1,0
58,11,픥5,픥3,풤1,0
58,12,픥3,픥5,풤1,0
58,13,픥5,픥2,풤1,0
58,14,픥2,픥1,풤1,0
58,15,픥1,픥2,풤1,1
58,16,픥2,픥1,풤1,0
58,17,픥1,픥2,풤1,0
58,18,픥2,픥4,풤1,0
58,19,픥4,픥4,풤2,0
58,20,픥4,픥3,풤2,0
58,21,픥3,픥4,풤1,0
58,22,픥4,픥3,풤1,1
58,23,픥3,픥4,풤1,0
58,24,픥4,픥5,풤2,0
58,25,픥5,픥4,풤1,0
58,26,픥4,픥5,풤1,0
58,27,픥5,픥5,풤1,0
58,28,픥5,픥5,풤2,0
58,29,픥5,픥4,풤2,1
58,30,픥4,픥3,풤2,0
58,31,픥3,픥4,풤1,0
58,32,픥4,픥2,풤1,0
58,33,픥2,픥4,풤1,0
58,34,픥4,픥3,풤1,0
58,35,픥3,픥5,풤1,0
58,36,픥5,픥4,풤2,1
58,37,픥4,픥4,풤2,0
58,38,픥4,픥2,풤3,0
59,1,픥5,픥4,풤1,1
59,2,픥4,픥5,풤1,0
59,3,픥5,픥4,풤1,0
59,4,픥4,픥3,풤3,1
59,5,픥3,픥3,풤1,1
59,6,픥3,픥2,풤2,0
59,7,픥2,픥1,풤2,1
59,8,픥1,픥1,풤1,0
59,9,픥1,픥2,풤1,0
59,10,픥2,픥3,풤1,0
59,11,픥3,픥3,풤1,1
59,12,픥3,픥2,풤2,0
59,13,픥2,픥1,풤2,1
59,14,픥1,픥2,풤1,0
59,15,픥2,픥3,풤2,0
59,16,픥3,픥3,풤2,1
59,17,픥3,픥2,풤1,0
59,18,픥2,픥3,풤1,0
59,19,픥3,픥3,풤1,0
59,20,픥3,픥2,풤2,0
59,21,픥2,픥1,풤1,0
59,22,픥1,픥2,풤1,0
59,23,픥2,픥4,풤1,1
59,24,픥4,픥5,풤2,0
59,25,픥5,픥4,풤2,0
59,26,픥4,픥3,풤1,0
59,27,픥3,픥2,풤1,1
59,28,픥2,픥5,풤1,0
59,29,픥5,픥4,풤1,0
60,1,픥3,픥3,풤1,0
60,2,픥3,픥4,풤1,0
60,3,픥4,픥5,풤1,1
60,4,픥5,픥5,풤2,0
60,5,픥5,픥4,풤1,0
60,6,픥4,픥4,풤1,0
60,7,픥4,픥5,풤2,0
60,8,픥5,픥4,풤2,0
60,9,픥4,픥5,풤3,1
60,10,픥5,픥3,풤3,0
60,11,픥3,픥2,풤1,1
60,12,픥2,픥1,풤1,0
60,13,픥1,픥2,풤1,1
60,14,픥2,픥1,풤1,0
60,15,픥1,픥5,풤1,1
60,16,픥5,픥4,풤1,0
60,17,픥4,픥4,풤2,0
60,18,픥4,픥1,풤1,0
60,19,픥1,픥2,풤2,1
60,20,픥2,픥2,풤1,1
60,21,픥2,픥3,풤1,0
60,22,픥3,픥2,풤1,0
60,23,픥2,픥2,풤1,0
60,24,픥2,픥2,풤1,0
60,25,픥2,픥1,풤2,0
60,26,픥1,픥4,풤1,1
60,27,픥4,픥3,풤1,0
60,28,픥3,픥2,풤1,0
60,29,픥2,픥2,풤1,0
61,1,픥1,픥2,풤1,0
61,2,픥2,픥3,풤2,0
61,3,픥3,픥5,풤1,0
61,4,픥5,픥5,풤1,0
61,5,픥5,픥1,풤1,0
61,6,픥1,픥2,풤1,0
61,7,픥2,픥1,풤1,0
61,8,픥1,픥1,풤1,0
61,9,픥1,픥1,풤1,0
61,10,픥1,픥1,풤1,0
61,11,픥1,픥3,풤1,0
61,12,픥3,픥3,풤2,0
61,13,픥3,픥3,풤2,1
61,14,픥3,픥2,풤1,0
61,15,픥2,픥3,풤1,1
61,16,픥3,픥2,풤1,0
61,17,픥2,픥3,풤1,0
61,18,픥3,픥2,풤1,0
61,19,픥2,픥2,풤1,1
61,20,픥2,픥2,풤2,1
61,21,픥2,픥2,풤1,0
61,22,픥2,픥3,풤2,0
61,23,픥3,픥2,풤3,1
61,24,픥2,픥3,풤1,0
61,25,픥3,픥1,풤1,0
61,26,픥1,픥2,풤2,0
61,27,픥2,픥2,풤1,1
61,28,픥2,픥5,풤1,1
61,29,픥5,픥4,풤2,0
61,30,픥4,픥3,풤1,0
61,31,픥3,픥3,풤1,0
61,32,픥3,픥1,풤2,0
61,33,픥1,픥2,풤1,1
61,34,픥2,픥1,풤1,0
61,35,픥1,픥3,풤3,0
61,36,픥3,픥2,풤2,0
61,37,픥2,픥2,풤1,0
61,38,픥2,픥3,풤1,1
61,39,픥3,픥4,풤1,0
61,40,픥4,픥5,풤2,0
61,41,픥5,픥5,풤2,0
61,42,픥5,픥3,풤1,0
61,43,픥3,픥3,풤2,0
61,44,픥3,픥3,풤1,0
61,45,픥3,픥1,풤1,0
61,46,픥1,픥5,풤1,0
61,47,픥5,픥4,풤1,0
61,48,픥4,픥5,풤1,0
62,1,픥4,픥4,풤1,0
62,2,픥4,픥4,풤2,0
62,3,픥4,픥4,풤1,0
62,4,픥4,픥3,풤1,0
62,5,픥3,픥3,풤2,0
62,6,픥3,픥4,풤1,0
62,7,픥4,픥3,풤1,0
62,8,픥3,픥4,풤1,0
62,9,픥4,픥3,풤2,0
62,10,픥3,픥2,풤2,0
62,11,픥2,픥3,풤1,1
62,12,픥3,픥4,풤1,0
62,13,픥4,픥3,풤1,0
62,14,픥3,픥3,풤1,1
62,15,픥3,픥2,풤2,1
62,16,픥2,픥1,풤1,0
62,17,픥1,픥2,풤1,0
62,18,픥2,픥1,풤2,0
62,19,픥1,픥1,풤1,0
62,20,픥1,픥4,풤2,0
62,21,픥4,픥3,풤1,0
62,22,픥3,픥5,풤2,0
62,23,픥5,픥5,풤1,0
62,24,픥5,픥5,풤2,0
62,25,픥5,픥2,풤1,1
62,26,픥2,픥1,풤1,0
62,27,픥1,픥1,풤1,0
62,28,픥1,픥1,풤3,1
62,29,픥1,픥2,풤1,0
62,30,픥2,픥1,풤1,0
62,31,픥1,픥1,풤1,0
62,32,픥1,픥4,풤1,0
63,1,픥5,픥2,풤3,0
63,2,픥2,픥2,풤1,1
63,3,픥2,픥3,풤1,0
63,4,픥3,픥3,풤2,1
63,5,픥3,픥2,풤3,1
63,6,픥2,픥1,풤1,0
63,7,픥1,픥2,풤1,0
63,8,픥2,픥1,풤1,0
63,9,픥1,픥2,풤1,0
63,10,픥2,픥1,풤1,0
63,11,픥1,픥1,풤2,1
63,12,픥1,픥5,풤1,0
63,13,픥5,픥1,풤2,1
63,14,픥1,픥1,풤1,0
63,15,픥1,픥2,풤1,0
63,16,픥2,픥2,풤1,0
63,17,픥2,픥2,풤1,0
63,18,픥2,픥3,풤1,0
63,19,픥3,픥3,풤1,0
63,20,픥3,픥3,풤1,1
63,21,픥3,픥1,풤1,0
63,22,픥1,픥2,풤1,0
63,23,픥2,픥3,풤1,1
63,24,픥3,픥3,풤1,0
63,25,픥3,픥2,풤1,0
63,26,픥2,픥1,풤1,0
63,27,픥1,픥2,풤1,0
63,28,픥2,픥4,풤1,0
63,29,픥4,픥3,풤1,0
63,30,픥3,픥3,풤1,0
63,31,픥3,픥4,풤1,1
63,32,픥4,픥4,풤3,0
63,33,픥4,픥5,풤2,0
63,34,픥5,픥5,풤1,0
63,35,픥5,픥4,풤3,1
63,36,픥4,픥4,풤1,0
63,37,픥4,픥2,풤2,1
63,38,픥2,픥3,풤1,1
63,39,픥3,픥4,풤3,1
63,40,픥4,픥1,풤1,0
63,41,픥1,픥5,풤1,1
63,42,픥5,픥2,풤2,1
63,43,픥2,픥2,풤3,0
63,44,픥2,픥3,풤1,0
63,45,픥3,픥4,풤2,1
63,46,픥4,픥3,풤2,0
64,1,픥2,픥1,풤1,1
64,2,픥1,픥2,풤1,0
64,3,픥2,픥3,풤1,0
64,4,픥3,픥3,풤1,0
64,5,픥3,픥2,풤1,0
64,6,픥2,픥1,풤2,0
64,7,픥1,픥5,풤1,0
64,8,픥5,픥4,풤1,0
64,9,픥4,픥4,풤2,1
64,10,픥4,픥2,풤1,0
64,11,픥2,픥3,풤2,1
64,12,픥3,픥2,풤1,0
64,13,픥2,픥3,풤1,0
64,14,픥3,픥4,풤1,0
64,15,픥4,픥1,풤1,0
64,16,픥1,픥2,풤1,0
64,17,픥2,픥4,풤1,0
64,18,픥4,픥4,풤2,0
64,19,픥4,픥4,풤2,0
64,20,픥4,픥5,풤1,0
64,21,픥5,픥4,풤3,1
64,22,픥4,픥5,풤2,0
64,23,픥5,픥4,풤2,1
64,24,픥4,픥4,풤1,0
64,25,픥4,픥4,풤1,0
64,26,픥4,픥4,풤1,0
64,27,픥4,픥5,풤1,0
64,28,픥5,픥4,풤2,0
64,29,픥4,픥5,풤1,0
64,30,픥5,픥4,풤1,0
64,31,픥4,픥3,풤1,0
65,1,픥5,픥4,풤1,0
65,2,픥4,픥2,풤1,0
65,3,픥2,픥1,풤1,1
65,4,픥1,픥2,풤2,0
65,5,픥2,픥2,풤1,0
65,6,픥2,픥1,풤1,1
65,7,픥1,픥1,풤1,0
65,8,픥1,픥1,풤1,0
65,9,픥1,픥2,풤1,0
65,10,픥2,픥1,풤2,0
65,11,픥1,픥2,풤2,1
65,12,픥2,픥1,풤1,0
65,13,픥1,픥1,풤1,0
65,14,픥1,픥1,풤3,0
65,15,픥1,픥2,풤1,0
65,16,픥2,픥4,풤1,0
65,17,픥4,픥3,풤3,1
65,18,픥3,픥3,풤1,0
65,19,픥3,픥2,풤1,0
65,20,픥2,픥1,풤1,0
65,21,픥1,픥2,풤1,1
65,22,픥2,픥3,풤1,0
65,23,픥3,픥2,풤1,0
65,24,픥2,픥2,풤1,0
65,25,픥2,픥2,풤1,0
65,26,픥2,픥5,풤2,0
65,27,픥5,픥5,풤1,0
65,28,픥5,픥1,풤1,0
65,29,픥1,픥1,풤1,0
65,30,픥1,픥3,풤3,0
65,31,픥3,픥2,풤1,0
65,32,픥2,픥1,풤3,1
65,33,픥1,픥1,풤1,0
65,34,픥1,픥2,풤1,1
65,35,픥2,픥4,풤1,0
65,36,픥4,픥2,풤1,0
65,37,픥2,픥2,풤1,0
65,38,픥2,픥3,풤1,1
65,39,픥3,픥4,풤2,1
65,40,픥4,픥2,풤3,1
65,41,픥2,픥2,풤1,0
65,42,픥2,픥1,풤2,1
65,43,픥1,픥2,풤1,0
65,44,픥2,픥2,풤2,1
65,45,픥2,픥2,풤1,0
65,46,픥2,픥3,풤2,0
65,47,픥3,픥3,풤1,0
65,48,픥3,픥4,풤1,1
65,49,픥4,픥1,풤1,0
65,50,픥1,픥1,풤1,0
65,51,픥1,픥2,풤1,0
65,52,픥2,픥5,풤1,1
65,53,픥5,픥4,풤2,1
65,54,픥4,픥3,풤1,0
65,55,픥3,픥5,풤1,0
66,1,픥3,픥2,풤1,0
66,2,픥2,픥1,풤2,0
66,3,픥1,픥2,풤1,0
66,4,픥2,픥4,풤1,1
66,5,픥4,픥5,풤3,0
66,6,픥5,픥5,풤1,1
66,7,픥5,픥3,풤1,0
66,8,픥3,픥1,풤1,0
66,9,픥1,픥1,풤1,0
66,10,픥1,픥4,풤1,0
66,11,픥4,픥4,풤2,0
66,12,픥4,픥3,풤1,0
66,13,픥3,픥3,풤1,0
66,14,픥3,픥4,풤1,0
66,15,픥4,픥4,풤1,0
66,16,픥4,픥4,풤1,0
66,17,픥4,픥5,풤2,0
66,18,픥5,픥3,풤1,0
66,19,픥3,픥2,풤2,0
66,20,픥2,픥1,풤2,0
66,21,픥1,픥2,풤1,0
66,22,픥2,픥4,풤1,0
66,23,픥4,픥4,풤1,0
66,24,픥4,픥2,풤2,0
66,25,픥2,픥1,풤2,1
66,26,픥1,픥1,풤1,0
66,27,픥1,픥2,풤1,0
66,28,픥2,픥2,풤1,0
66,29,픥2,픥1,풤2,1
66,30,픥1,픥2,풤1,0
66,31,픥2,픥2,풤2,1
66,32,픥2,픥1,풤1,0
66,33,픥1,픥2,풤1,0
66,34,픥2,픥2,풤2,0
66,35,픥2,픥2,풤1,0
66,36,픥2,픥1,풤1,1
66,37,픥1,픥3,풤1,0
66,38,픥3,픥2,풤1,0
66,39,픥2,픥3,풤1,0
66,40,픥3,픥3,풤1,0
66,41,픥3,픥4,풤1,0
66,42,픥4,픥4,풤1,0
66,43,픥4,픥5,풤1,0
66,44,픥5,픥4,풤1,1
66,45,픥4,픥5,풤1,0
66,46,픥5,픥2,풤3,0
66,47,픥2,픥3,풤1,0
67,1,픥2,픥3,풤1,0
67,2,픥3,픥3,풤1,0
67,3,픥3,픥2,풤1,0
67,4,픥2,픥2,풤1,0
67,5,픥2,픥1,풤1,0
67,6,픥1,픥2,풤1,0
67,7,픥2,픥2,풤2,1
67,8,픥2,픥2,풤1,0
67,9,픥2,픥3,풤2,0
67,10,픥3,픥5,풤1,0
67,11,픥5,픥4,풤1,0
67,12,픥4,픥2,풤1,0
67,13,픥2,픥3,풤1,0
67,14,픥3,픥2,풤1,0
67,15,픥2,픥2,풤2,0
67,16,픥2,픥4,풤3,0
67,17,픥4,픥5,풤1,0
67,18,픥5,픥4,풤3,0
67,19,픥4,픥4,풤3,1
67,20,픥4,픥1,풤1,0
67,21,픥1,픥1,풤1,0
67,22,픥1,픥2,풤1,0
67,23,픥2,픥4,풤2,1
67,24,픥4,픥3,풤1,0
67,25,픥3,픥4,풤1,0
67,26,픥4,픥5,풤1,0
67,27,픥5,픥4,풤1,0
67,28,픥4,픥5,풤2,0
67,29,픥5,픥3,풤2,0
67,30,픥3,픥3,풤2,0
67,31,픥3,픥4,풤1,0
67,32,픥4,픥3,풤1,0
67,33,픥3,픥2,풤2,0
67,34,픥2,픥1,풤1,0
67,35,픥1,픥2,풤1,1
67,36,픥2,픥1,풤1,1
67,37,픥1,픥2,풤1,0
67,38,픥2,픥2,풤1,0
67,39,픥2,픥5,풤1,0
67,40,픥5,픥5,풤1,0
67,41,픥5,픥5,풤3,1
67,42,픥5,픥5,풤1,1
67,43,픥5,픥5,풤1,0
67,44,픥5,픥4,풤2,1
67,45,픥4,픥3,풤2,0
67,46,픥3,픥2,풤1,0
67,47,픥2,픥2,풤1,1
67,48,픥2,픥3,풤2,0
68,1,픥5,픥5,풤2,0
68,2,픥5,픥5,풤1,0
68,3,픥5,픥5,풤1,0
68,4,픥5,픥5,풤2,1
68,5,픥5,픥1,풤1,0
68,6,픥1,픥1,풤1,0
68,7,픥1,픥5,풤3,0
68,8,픥5,픥5,풤1,0
68,9,픥5,픥4,풤1,0
68,10,픥4,픥3,풤1,1
68,11,픥3,픥2,풤1,0
68,12,픥2,픥2,풤1,1
68,13,픥2,픥3,풤1,0
68,14,픥3,픥3,풤1,0
68,15,픥3,픥2,풤1,0
68,16,픥2,픥1,풤1,0
68,17,픥1,픥1,풤1,0
68,18,픥1,픥1,풤2,0
68,19,픥1,픥2,풤1,0
68,20,픥2,픥3,풤2,0
68,21,픥3,픥2,풤1,0
68,22,픥2,픥1,풤1,0
68,23,픥1,픥2,풤1,0
68,24,픥2,픥2,풤3,1
68,25,픥2,픥1,풤1,0
68,26,픥1,픥1,풤1,0
68,27,픥1,픥3,풤1,0
68,28,픥3,픥4,풤1,0
68,29,픥4,픥5,풤1,1
68,30,픥5,픥4,풤1,0
68,31,픥4,픥3,풤1,0
68,32,픥3,픥2,풤2,0
68,33,픥2,픥4,풤1,0
68,34,픥4,픥4,풤1,1
68,35,픥4,픥3,풤2,0
68,36,픥3,픥3,풤3,0
68,37,픥3,픥3,풤3,0
68,38,픥3,픥3,풤1,0
68,39,픥3,픥2,풤1,0
68,40,픥2,픥3,풤1,0
68,41,픥3,픥2,풤3,1
68,42,픥2,픥2,풤2,1
68,43,픥2,픥2,풤2,1
68,44,픥2,픥2,풤1,0
68,45,픥2,픥3,풤3,0
68,46,픥3,픥3,풤1,0
68,47,픥3,픥2,풤1,0
68,48,픥2,픥3,풤1,0
68,49,픥3,픥2,풤1,1
68,50,픥2,픥2,풤1,0
68,51,픥2,픥2,풤2,1
68,52,픥2,픥3,풤1,0
68,53,픥3,픥2,풤2,0
68,54,픥2,픥3,풤1,0
68,55,픥3,픥2,풤1,0
69,1,픥2,픥1,풤1,0
69,2,픥1,픥1,풤1,0
69,3,픥1,픥3,풤1,0
69,4,픥3,픥4,풤2,1
69,5,픥4,픥4,풤1,0
69,6,픥4,픥4,풤1,0
69,7,픥4,픥4,풤1,0
69,8,픥4,픥2,풤1,0
69,9,픥2,픥1,풤1,0
69,10,픥1,픥2,풤2,1
69,11,픥2,픥2,풤1,1
69,12,픥2,픥2,풤1,0
69,13,픥2,픥1,풤2,0
69,14,픥1,픥4,풤1,0
69,15,픥4,픥4,풤3,1
69,16,픥4,픥5,풤2,0
69,17,픥5,픥5,풤1,1
69,18,픥5,픥5,풤2,1
69,19,픥5,픥1,풤1,0
69,20,픥1,픥2,풤3,1
69,21,픥2,픥3,풤2,0
69,22,픥3,픥4,풤3,0
69,23,픥4,픥2,풤1,0
69,24,픥2,픥3,풤1,1
69,25,픥3,픥2,풤3,0
69,26,픥2,픥3,풤1,0
69,27,픥3,픥2,풤1,0
69,28,픥2,픥5,풤1,0
69,29,픥5,픥5,풤1,0
69,30,픥5,픥4,풤1,0
69,31,픥4,픥5,풤1,0
69,32,픥5,픥5,풤3,0
69,33,픥5,픥5,풤1,0
69,34,픥5,픥4,풤1,0
69,35,픥4,픥1,풤1,0
70,1,픥3,픥4,풤1,0
70,2,픥4,픥5,풤1,0
70,3,픥5,픥5,풤3,0
70,4,픥5,픥5,풤1,0
70,5,픥5,픥3,풤1,0
70,6,픥3,픥3,풤1,0
70,7,픥3,픥4,풤1,0
70,8,픥4,픥1,풤1,1
70,9,픥1,픥1,풤3,1
70,10,픥1,픥2,풤1,0
70,11,픥2,픥3,풤1,0
70,12,픥3,픥1,풤1,0
70,13,픥1,픥1,풤1,0
70,14,픥1,픥2,풤2,0
70,15,픥2,픥3,풤2,1
70,16,픥3,픥4,풤1,1
70,17,픥4,픥1,풤1,0
70,18,픥1,픥1,풤1,1
70,19,픥1,픥2,풤1,0
70,20,픥2,픥2,풤1,0
70,21,픥2,픥5,풤1,1
70,22,픥5,픥5,풤1,0
70,23,픥5,픥5,풤1,0
70,24,픥5,픥4,풤1,0
70,25,픥4,픥2,풤1,0
70,26,픥2,픥1,풤1,1
70,27,픥1,픥2,풤1,0
70,28,픥2,픥3,풤1,0
70,29,픥3,픥4,풤2,1
70,30,픥4,픥5,풤2,1
70,31,픥5,픥2,풤1,1
70,32,픥2,픥1,풤1,0
70,33,픥1,픥4,풤1,0
70,34,픥4,픥5,풤1,0
70,35,픥5,픥4,풤2,1
70,36,픥4,픥5,풤1,1
70,37,픥5,픥5,풤3,1
70,38,픥5,픥3,풤2,0
70,39,픥3,픥3,풤1,0
70,40,픥3,픥3,풤2,0
70,41,픥3,픥4,풤1,0
70,42,픥4,픥5,풤1,1
70,43,픥5,픥2,풤1,0
70,44,픥2,픥3,풤2,1
70,45,픥3,픥4,풤1,1
70,46,픥4,픥3,풤3,0
70,47,픥3,픥4,풤1,0
70,48,픥4,픥2,풤1,0
70,49,픥2,픥1,풤2,0
70,50,픥1,픥2,풤1,0
70,51,픥2,픥3,풤1,0
70,52,픥3,픥2,풤1,1
70,53,픥2,픥2,풤1,0
70,54,픥2,픥1,풤1,1
70,55,픥1,픥3,풤1,0
70,56,픥3,픥2,풤1,0
70,57,픥2,픥3,풤1,0
70,58,픥3,픥4,풤1,0
70,59,픥4,픥4,풤2,0
70,60,픥4,픥3,풤1,0
71,1,픥1,픥1,풤1,0
71,2,픥1,픥1,풤1,0
71,3,픥1,픥1,풤1,0
71,4,픥1,픥1,풤1,0
71,5,픥1,픥1,풤1,1
71,6,픥1,픥2,풤2,0
71,7,픥2,픥3,풤1,1
71,8,픥3,픥3,풤2,1
71,9,픥3,픥3,풤1,0
71,10,픥3,픥4,풤2,1
71,11,픥4,픥4,풤1,0
71,12,픥4,픥5,풤1,0
71,13,픥5,픥2,풤1,0
71,14,픥2,픥1,풤1,0
71,15,픥1,픥2,풤1,0
71,16,픥2,픥1,풤1,0
71,17,픥1,픥1,풤1,0
71,18,픥1,픥1,풤1,0
71,19,픥1,픥1,풤1,0
71,20,픥1,픥2,풤1,0
71,21,픥2,픥3,풤1,0
71,22,픥3,픥2,풤2,1
71,23,픥2,픥1,풤2,0
71,24,픥1,픥4,풤1,0
71,25,픥4,픥3,풤2,0
71,26,픥3,픥4,풤1,1
71,27,픥4,픥5,풤2,0
71,28,픥5,픥5,풤1,0
71,29,픥5,픥4,풤2,0
71,30,픥4,픥5,풤2,1
71,31,픥5,픥5,풤1,0
72,1,픥5,픥4,풤1,0
72,2,픥4,픥2,풤2,0
72,3,픥2,픥1,풤1,0
72,4,픥1,픥3,풤1,0
72,5,픥3,픥5,풤2,0
72,6,픥5,픥3,풤2,0
72,7,픥3,픥3,풤1,0
72,8,픥3,픥2,풤1,0
72,9,픥2,픥2,풤1,0
72,10,픥2,픥1,풤1,0
72,11,픥1,픥2,풤1,0
72,12,픥2,픥1,풤1,0
72,13,픥1,픥2,풤1,0
72,14,픥2,픥3,풤2,1
72,15,픥3,픥2,풤1,0
72,16,픥2,픥2,풤1,0
72,17,픥2,픥3,풤1,0
72,18,픥3,픥3,풤2,1
72,19,픥3,픥2,풤1,0
72,20,픥2,픥3,풤1,1
72,21,픥3,픥5,풤1,0
72,22,픥5,픥2,풤3,0
72,23,픥2,픥1,풤1,0
72,24,픥1,픥3,풤1,0
72,25,픥3,픥3,풤1,0
72,26,픥3,픥2,풤1,0
72,27,픥2,픥2,풤1,0
72,28,픥2,픥5,풤2,1
72,29,픥5,픥5,풤2,1
72,30,픥5,픥4,풤1,0
72,31,픥4,픥2,풤3,0
72,32,픥2,픥1,풤1,0
72,33,픥1,픥1,풤1,0
72,34,픥1,픥1,풤1,1
73,1,픥2,픥3,풤1,1
73,2,픥3,픥2,풤2,1
73,3,픥2,픥4,풤1,0
73,4,픥4,픥5,풤2,1
73,5,픥5,픥3,풤1,0
73,6,픥3,픥3,풤2,0
73,7,픥3,픥2,풤1,0
73,8,픥2,픥2,풤1,0
73,9,픥2,픥2,풤1,0
73,10,픥2,픥3,풤1,0
73,11,픥3,픥2,풤3,1
73,12,픥2,픥2,풤1,0
73,13,픥2,픥1,풤2,0
73,14,픥1,픥2,풤2,0
73,15,픥2,픥2,풤1,1
73,16,픥2,픥3,풤1,0
73,17,픥3,픥4,풤2,0
73,18,픥4,픥5,풤1,0
73,19,픥5,픥4,풤1,0
73,20,픥4,픥4,풤1,1
73,21,픥4,픥5,풤1,1
73,22,픥5,픥5,풤2,0
73,23,픥5,픥3,풤1,0
73,24,픥3,픥4,풤1,1
73,25,픥4,픥5,풤2,0
73,26,픥5,픥5,풤1,0
73,27,픥5,픥4,풤1,1
73,28,픥4,픥4,풤1,1
73,29,픥4,픥1,풤1,0
73,30,픥1,픥1,풤2,0
73,31,픥1,픥2,풤1,0
73,32,픥2,픥5,풤1,0
73,33,픥5,픥5,풤1,0
73,34,픥5,픥4,풤1,1
73,35,픥4,픥3,풤1,0
73,36,픥3,픥3,풤1,0
73,37,픥3,픥3,풤3,1
73,38,픥3,픥4,풤1,0
73,39,픥4,픥4,풤1,0
73,40,픥4,픥4,풤1,0
73,41,픥4,픥1,풤1,0
73,42,픥1,픥1,풤1,1
73,43,픥1,픥2,풤1,0
74,1,픥3,픥4,풤1,0
74,2,픥4,픥5,풤1,0
74,3,픥5,픥5,풤1,1
74,4,픥5,픥2,풤2,1
74,5,픥2,픥2,풤1,0
74,6,픥2,픥3,풤1,0
74,7,픥3,픥2,풤1,0
74,8,픥2,픥3,풤1,0
74,9,픥3,픥2,풤1,0
74,10,픥2,픥5,풤2,0
74,11,픥5,픥5,풤2,1
74,12,픥5,픥5,풤1,0
74,13,픥5,픥3,풤2,1
74,14,픥3,픥5,풤1,0
74,15,픥5,픥4,풤2,0
74,16,픥4,픥3,풤1,0
74,17,픥3,픥4,풤2,0
74,18,픥4,픥5,풤1,0
74,19,픥5,픥5,풤1,0
74,20,픥5,픥4,풤1,0
74,21,픥4,픥5,풤2,1
74,22,픥5,픥1,풤2,1
74,23,픥1,픥3,풤1,0
74,24,픥3,픥5,풤3,0
74,25,픥5,픥5,풤3,1
74,26,픥5,픥5,풤2,0
74,27,픥5,픥5,풤1,0
74,28,픥5,픥2,풤3,1
74,29,픥2,픥4,풤1,0
74,30,픥4,픥5,풤1,1
74,31,픥5,픥5,풤1,0
74,32,픥5,픥5,풤1,0
74,33,픥5,픥4,풤3,1
74,34,픥4,픥2,풤2,1
74,35,픥2,픥1,풤1,1
74,36,픥1,픥1,풤1,1
74,37,픥1,픥2,풤1,0
74,38,픥2,픥3,풤1,0
74,39,픥3,픥3,풤1,0
74,40,픥3,픥4,풤2,0
74,41,픥4,픥5,풤1,1
74,42,픥5,픥5,풤1,1
74,43,픥5,픥4,풤2,1
74,44,픥4,픥5,풤1,1
74,45,픥5,픥5,풤1,1
74,46,픥5,픥5,풤2,0
74,47,픥5,픥4,풤1,0
74,48,픥4,픥5,풤1,0
74,49,픥5,픥4,풤1,0
74,50,픥4,픥4,풤1,0
74,51,픥4,픥4,풤1,0
74,52,픥4,픥5,풤1,1
74,53,픥5,픥4,풤1,0
75,1,픥2,픥3,풤1,0
75,2,픥3,픥3,풤1,1
75,3,픥3,픥4,풤2,0
75,4,픥4,픥3,풤2,0
75,5,픥3,픥2,풤1,1
75,6,픥2,픥3,풤1,0
75,7,픥3,픥2,풤2,0
75,8,픥2,픥2,풤1,1
75,9,픥2,픥2,풤1,0
75,10,픥2,픥3,풤2,1
75,11,픥3,픥3,풤1,0
75,12,픥3,픥3,풤1,0
75,13,픥3,픥4,풤1,0
75,14,픥4,픥4,풤2,0
75,15,픥4,픥2,풤1,0
75,16,픥2,픥1,풤2,0
75,17,픥1,픥1,풤1,0
75,18,픥1,픥2,풤2,0
75,19,픥2,픥3,풤1,0
75,20,픥3,픥4,풤2,1
75,21,픥4,픥3,풤1,0
75,22,픥3,픥5,풤1,0
75,23,픥5,픥5,풤1,0
75,24,픥5,픥4,풤1,0
75,25,픥4,픥3,풤3,1
75,26,픥3,픥4,풤2,0
75,27,픥4,픥3,풤1,0
75,28,픥3,픥3,풤1,1
75,29,픥3,픥2,풤1,0
75,30,픥2,픥3,풤1,0
75,31,픥3,픥4,풤1,0
75,32,픥4,픥1,풤2,0
75,33,픥1,픥2,풤1,0
75,34,픥2,픥3,풤2,1
75,35,픥3,픥3,풤3,1
75,36,픥3,픥4,풤1,0
75,37,픥4,픥1,풤3,1
75,38,픥1,픥1,풤1,0
75,39,픥1,픥4,풤2,0
75,40,픥4,픥2,풤2,0
75,41,픥2,픥3,풤1,0
75,42,픥3,픥2,풤1,0
75,43,픥2,픥2,풤1,0
75,44,픥2,픥3,풤3,0
75,45,픥3,픥2,풤1,0
75,46,픥2,픥2,풤1,1
75,47,픥2,픥4,풤1,0
75,48,픥4,픥4,풤2,1
75,49,픥4,픥4,풤1,0
75,50,픥4,픥2,풤2,0
75,51,픥2,픥2,풤1,0
75,52,픥2,픥3,풤1,0
75,53,픥3,픥4,풤1,1
75,54,픥4,픥3,풤1,0
75,55,픥3,픥4,풤2,1
75,56,픥4,픥4,풤1,0
75,57,픥4,픥4,풤1,0
75,58,픥4,픥3,풤1,0
75,59,픥3,픥2,풤3,0
76,1,픥3,픥2,풤1,1
76,2,픥2,픥3,풤3,1
76,3,픥3,픥2,풤1,0
76,4,픥2,픥1,풤1,0
76,5,픥1,픥2,풤1,0
76,6,픥2,픥1,풤1,0
76,7,픥1,픥5,풤1,1
76,8,픥5,픥5,풤2,0
76,9,픥5,픥5,풤1,0
76,10,픥5,픥1,풤3,1
76,11,픥1,픥2,풤1,0
76,12,픥2,픥2,풤1,0
76,13,픥2,픥3,풤1,0
76,14,픥3,픥2,풤1,1
76,15,픥2,픥3,풤1,0
76,16,픥3,픥2,풤1,0
76,17,픥2,픥3,풤1,0
76,18,픥3,픥4,풤2,1
76,19,픥4,픥4,풤2,0
76,20,픥4,픥5,풤2,1
76,21,픥5,픥5,풤1,1
76,22,픥5,픥5,풤1,0
76,23,픥5,픥4,풤1,1
76,24,픥4,픥2,풤2,1
76,25,픥2,픥1,풤1,0
76,26,픥1,픥2,풤1,1
76,27,픥2,픥1,풤2,0
76,28,픥1,픥3,풤1,0
76,29,픥3,픥1,풤1,0
76,30,픥1,픥2,풤1,0
76,31,픥2,픥3,풤2,0
76,32,픥3,픥4,풤1,0
76,33,픥4,픥3,풤2,0
76,34,픥3,픥4,풤1,0
76,35,픥4,픥4,풤1,0
77,1,픥4,픥4,풤1,0
77,2,픥4,픥3,풤3,1
77,3,픥3,픥4,풤1,0
77,4,픥4,픥2,풤2,0
77,5,픥2,픥2,풤1,0
77,6,픥2,픥5,풤1,1
77,7,픥5,픥4,풤3,0
77,8,픥4,픥3,풤1,0
77,9,픥3,픥2,풤1,1
77,10,픥2,픥1,풤2,0
77,11,픥1,픥1,풤2,1
77,12,픥1,픥1,풤3,1
77,13,픥1,픥2,풤1,0
77,14,픥2,픥3,풤1,0
77,15,픥3,픥4,풤3,1
77,16,픥4,픥5,풤2,0
77,17,픥5,픥4,풤1,0
77,18,픥4,픥1,풤3,1
77,19,픥1,픥2,풤1,0
77,20,픥2,픥4,풤1,0
77,21,픥4,픥5,풤1,0
77,22,픥5,픥5,풤1,0
77,23,픥5,픥1,풤3,0
77,24,픥1,픥2,풤1,0
77,25,픥2,픥1,풤2,1
77,26,픥1,픥1,풤1,0
77,27,픥1,픥2,풤1,0
77,28,픥2,픥1,풤1,0
77,29,픥1,픥2,풤1,0
77,30,픥2,픥4,풤2,1
77,31,픥4,픥4,풤1,0
77,32,픥4,픥4,풤1,0
77,33,픥4,픥5,풤1,0
77,34,픥5,픥5,풤1,0
77,35,픥5,픥4,풤2,1
77,36,픥4,픥5,풤3,0
77,37,픥5,픥5,풤1,0
77,38,픥5,픥5,풤1,1
77,39,픥5,픥4,풤1,0
77,40,픥4,픥1,풤1,0
78,1,픥5,픥5,풤1,0
78,2,픥5,픥2,풤1,1
78,3,픥2,픥3,풤1,0
78,4,픥3,픥2,풤2,1
78,5,픥2,픥2,풤1,1
78,6,픥2,픥2,풤2,0
78,7,픥2,픥2,풤1,0
78,8,픥2,픥2,풤1,0
78,9,픥2,픥2,풤1,0
78,10,픥2,픥2,풤1,0
78,11,픥2,픥1,풤3,1
78,12,픥1,픥2,풤1,1
78,13,픥2,픥3,풤1,0
78,14,픥3,픥5,풤1,0
78,15,픥5,픥5,풤1,0
78,16,픥5,픥4,풤1,0
78,17,픥4,픥4,풤1,0
78,18,픥4,픥3,풤1,0
78,19,픥3,픥3,풤1,0
78,20,픥3,픥4,풤1,0
78,21,픥4,픥4,풤1,0
78,22,픥4,픥3,풤1,0
78,23,픥3,픥1,풤1,0
78,24,픥1,픥3,풤1,0
78,25,픥3,픥3,풤2,0
78,26,픥3,픥3,풤1,0
78,27,픥3,픥4,풤1,0
78,28,픥4,픥2,풤1,0
78,29,픥2,픥3,풤1,0
78,30,픥3,픥2,풤1,0
78,31,픥2,픥5,풤2,1
78,32,픥5,픥4,풤1,0
78,33,픥4,픥3,풤1,0
78,34,픥3,픥2,풤2,0
79,1,픥4,픥4,풤3,1
79,2,픥4,픥3,풤1,0
79,3,픥3,픥3,풤1,0
79,4,픥3,픥3,풤1,0
79,5,픥3,픥2,풤1,0
79,6,픥2,픥1,풤1,0
79,7,픥1,픥1,풤2,0
79,8,픥1,픥1,풤2,0
79,9,픥1,픥4,풤1,0
79,10,픥4,픥4,풤1,0
79,11,픥4,픥5,풤1,0
79,12,픥5,픥1,풤1,0
79,13,픥1,픥1,풤1,0
79,14,픥1,픥2,풤1,0
79,15,픥2,픥3,풤1,0
79,16,픥3,픥5,풤1,0
79,17,픥5,픥5,풤1,0
79,18,픥5,픥4,풤1,0
79,19,픥4,픥5,풤1,1
79,20,픥5,픥4,풤2,0
79,21,픥4,픥2,풤1,1
79,22,픥2,픥1,풤1,0
79,23,픥1,픥1,풤1,0
79,24,픥1,픥5,풤1,0
79,25,픥5,픥4,풤1,0
79,26,픥4,픥5,풤1,0
79,27,픥5,픥5,풤1,0
79,28,픥5,픥4,풤1,1
79,29,픥4,픥5,풤1,0
79,30,픥5,픥4,풤1,1
79,31,픥4,픥4,풤1,0
79,32,픥4,픥1,풤1,0
79,33,픥1,픥3,풤2,0
79,34,픥3,픥5,풤2,1
79,35,픥5,픥5,풤3,1
79,36,픥5,픥4,풤1,0
79,37,픥4,픥5,풤1,0
79,38,픥5,픥4,풤1,0
79,39,픥4,픥5,풤1,0
79,40,픥5,픥3,풤1,1
79,41,픥3,픥2,풤2,0
79,42,픥2,픥2,풤1,0
79,43,픥2,픥2,풤2,1
79,44,픥2,픥2,풤3,0
79,45,픥2,픥3,풤1,0
79,46,픥3,픥2,풤1,0
79,47,픥2,픥3,풤2,0
79,48,픥3,픥2,풤2,1
79,49,픥2,픥2,풤1,0
79,50,픥2,픥3,풤1,0
79,51,픥3,픥4,풤1,0
79,52,픥4,픥5,풤2,1
79,53,픥5,픥5,풤2,0
80,1,픥1,픥5,풤3,1
80,2,픥5,픥5,풤2,0
80,3,픥5,픥5,풤1,0
80,4,픥5,픥5,풤1,0
80,5,픥5,픥3,풤1,0
80,6,픥3,픥2,풤2,0
80,7,픥2,픥3,풤1,0
80,8,픥3,픥3,풤2,0
80,9,픥3,픥3,풤1,0
80,10,픥3,픥2,풤1,1
80,11,픥2,픥4,풤2,1
80,12,픥4,픥3,풤1,0
80,13,픥3,픥1,풤1,0
80,14,픥1,픥1,풤1,0
80,15,픥1,픥1,풤1,0
80,16,픥1,픥1,풤1,0
80,17,픥1,픥2,풤2,1
80,18,픥2,픥1,풤1,1
80,19,픥1,픥2,풤1,0
80,20,픥2,픥3,풤3,1
80,21,픥3,픥4,풤1,1
80,22,픥4,픥5,풤3,1
80,23,픥5,픥4,풤1,0
80,24,픥4,픥4,풤1,0
80,25,픥4,픥4,풤3,1
80,26,픥4,픥4,풤1,0
80,27,픥4,픥1,풤1,0
80,28,픥1,픥3,풤1,0
80,29,픥3,픥3,풤1,0
80,30,픥3,픥1,풤1,1
80,31,픥1,픥5,풤1,0
80,32,픥5,픥5,풤1,0
80,33,픥5,픥4,풤1,0
80,34,픥4,픥5,풤1,0
80,35,픥5,픥4,풤3,1
80,36,픥4,픥5,풤1,1
80,37,픥5,픥4,풤2,0
80,38,픥4,픥3,풤1,1
80,39,픥3,픥3,풤2,0
80,40,픥3,픥4,풤1,0
80,41,픥4,픥3,풤1,0
80,42,픥3,픥2,풤3,0
80,43,픥2,픥1,풤2,1
80,44,픥1,픥5,풤1,0
80,45,픥5,픥5,풤3,0
80,46,픥5,픥4,풤1,0
80,47,픥4,픥4,풤1,0
80,48,픥4,픥1,풤1,0
80,49,픥1,픥2,풤1,0
